file,cum min,TimeOfDay,Site,hydrophone,ACI,ACI_LF,log ACI_HF,log 1-Hf,log M,dir,,ACI hi,H,sqrt H,Hf,1-Hf,M,minute,TimeOrig
5,1,1,1,4,166.4127155,44.59412023,2.074149494,-1.498037509,-3.492970343,3,,138.2406406,0.840540894,0.916810173,0.945418876,0.054581124,0.000347376,3,1
5,6,1,1,4,168.1758808,45.91809908,2.075893005,-1.471299936,-3.498644916,3,,131.0233562,0.897251697,0.947233708,0.975660481,0.024339519,0.000369191,3,1
5,11,1,1,4,168.8070762,47.94075832,2.070931461,-1.365622024,-3.517149275,3,,127.523575,0.768302978,0.876528937,0.858480834,0.141519166,0.000473619,3,1
6,16,1,1,4,167.5427114,46.36386683,2.072273727,-1.286718901,-3.471596276,3,,125.005458,0.834415699,0.913463573,0.911588297,0.088411703,0.000436425,3,1
6,21,1,1,4,185.3597775,51.45010393,2.115189775,-1.37677107,-3.492970343,3,,130.109525,0.648889691,0.805536896,0.724727807,0.275272193,0.00073874,8,1
6,26,1,1,4,164.8159327,44.94946606,2.067276538,-1.338678771,-3.489121355,3,,127.5861955,0.768528011,0.876657294,0.856944045,0.143055955,0.000545502,8,1
7,31,1,1,4,169.446016,47.29798088,2.07517126,-1.129157135,-3.447292857,3,,122.1658949,0.760276288,0.871938236,0.843058007,0.156941993,0.00057137,8,1
7,36,1,1,4,164.7412825,43.95269595,2.070590282,-1.31697975,-3.492003882,3,,121.3880445,0.826990047,0.909389931,0.902939241,0.097060759,0.000496268,8,1
7,41,1,1,4,180.8075131,54.96894878,2.08876187,-1.233603714,-3.482938767,3,,131.9302979,0.753730466,0.868176518,0.909607361,0.090392639,0.000324011,13,1
5,1,1,1,5,162.9900382,42.58606173,2.068955469,-1.875776364,-3.47980085,3,,128.8533921,0.881004618,0.938618462,0.965334429,0.034665571,0.000372648,13,1
5,6,1,1,5,165.4922111,44.85335628,2.069989811,-1.724048021,-3.473594808,3,,128.0530633,0.711658068,0.843598286,0.858182009,0.141817991,0.000404119,13,1
5,11,1,1,5,166.6133017,45.15206055,2.073290596,-1.762991392,-3.493292074,3,,120.3690015,0.831711675,0.911982278,0.938915827,0.061084173,0.000335097,13,1
6,16,1,1,5,163.1121179,42.42472126,2.070524397,-1.791741591,-3.480270422,3,,126.9118922,0.855172224,0.924755224,0.959987365,0.040012635,0.000307441,3,1
6,21,1,1,5,168.6979253,46.54229889,2.075737706,-1.582319962,-3.462791864,3,,125.5669145,0.891086476,0.943973769,0.972078966,0.027921034,0.000353813,3,1
6,26,1,1,5,163.2316111,43.62126551,2.06641141,-1.770211913,-3.489280771,3,,122.664084,0.881407853,0.93883324,0.963772393,0.036227607,0.000343204,3,1
7,31,1,1,5,164.8829223,44.32517024,2.069563595,-1.206028799,-3.415564738,3,,123.9634729,0.817559529,0.904189985,0.910443027,0.089556973,0.000389099,3,1
7,36,1,1,5,166.8406963,45.23182244,2.073816579,-1.429360615,-3.463694128,3,,125.6559075,0.889948525,0.943370831,0.969712422,0.030287578,0.000316024,8,1
7,41,1,1,5,165.0888811,43.87825937,2.072265056,-1.942730342,-3.507382072,3,,123.3084248,0.91206672,0.955021843,0.98048267,0.01951733,0.000345111,8,1
5,1,1,1,6,165.9179259,44.65989157,2.071922859,-1.518714047,-3.463093252,3,,122.8278398,0.864781208,0.929936131,0.956048842,0.043951158,0.000351906,8,1
5,6,1,1,6,165.3283668,45.23445003,2.067808225,-1.538766858,-3.464297101,3,,122.1648618,0.85953151,0.927109222,0.945479449,0.054520551,0.000318289,8,1
5,11,1,1,6,170.7986726,49.76809689,2.07083494,-1.414104145,-3.472825251,3,,123.4495868,0.855063375,0.924696369,0.938764821,0.061235179,0.000383019,13,1
6,16,1,1,6,164.632196,44.76654683,2.067484921,-1.623339239,-3.474211695,3,,123.5745774,0.879378525,0.937751846,0.966402168,0.033597832,0.000368476,13,1
6,21,1,1,6,168.946622,47.00650229,2.074907934,-1.430940969,-3.447292857,3,,119.4515016,0.859465992,0.927073887,0.952355828,0.047644172,0.000368953,13,1
6,26,1,1,6,161.379238,41.69455093,2.066850694,-1.789850896,-3.490560899,3,,124.4314909,0.851359288,0.922691329,0.943379601,0.056620399,0.000378728,13,1
7,31,1,1,6,167.3390913,46.78553388,2.069575094,-1.199015796,-3.414083782,3,,125.4958852,0.902955692,0.950239808,0.972824432,0.027175568,0.000300527,3,1
7,36,1,1,6,172.5386988,46.73707693,2.088768798,-1.441688607,-3.467323317,3,,125.2004806,0.916757499,0.957474542,0.983207609,0.016792391,0.000349998,3,1
7,41,1,1,6,165.0954582,45.21650497,2.067427218,-1.623802468,-3.486098193,3,,122.3054094,0.78375589,0.885299887,0.8767336,0.1232664,0.000442028,3,1
5,1,1,1,8,168.9425567,47.0796583,2.074456908,-1.534090603,-3.559514404,3,,121.7881819,0.723512666,0.850595477,0.810884597,0.189115403,0.00043416,3,1
5,6,1,1,8,162.5518977,41.92813543,2.069914223,-1.62922471,-3.574801738,3,,124.053995,0.703003317,0.838452931,0.78148132,0.21851868,0.000430942,8,1
5,11,1,1,8,173.3792889,50.08572001,2.07945257,-1.075765557,-3.51732075,3,,122.5362598,0.869300578,0.9323629,0.945640539,0.054359461,0.000391722,8,1
6,16,1,1,8,159.9599321,40.15894153,2.067129835,-1.659357603,-3.577533277,3,,121.9681721,0.799292614,0.894031663,0.863326122,0.136673878,0.000543714,8,1
6,21,1,1,8,164.563358,43.16354684,2.072931784,-1.669356477,-3.574218055,3,,119.0207916,0.785441088,0.886251143,0.844836106,0.155163894,0.000575185,8,1
6,26,1,1,8,166.7455315,45.11079395,2.073536793,-1.330560167,-3.542936012,3,,137.8713328,0.848758578,0.921280944,0.947385878,0.052614122,0.000348926,13,1
7,31,1,1,8,172.2053906,48.64219241,2.079878989,-1.408452103,-3.573441571,3,,121.6319073,0.90702169,0.952376863,0.96750332,0.03249668,0.000403285,13,1
7,36,1,1,8,163.881273,43.34886638,2.069925421,-1.692219304,-3.591049798,3,,125.2810343,0.848884602,0.921349338,0.932960756,0.067039244,0.000436544,13,1
7,41,1,1,8,164.5178092,43.69703675,2.070272324,-1.102852337,-3.543116463,3,,120.4296041,0.862820811,0.928881484,0.943892009,0.056107991,0.000341892,13,1
21,1,1,2,4,164.5587037,44.42858275,2.068048932,-1.538744365,-3.471903837,7,,121.8417464,0.845952635,0.919756835,0.919957419,0.080042581,0.000451803,2,2
21,6,1,2,4,164.1089667,43.76326909,2.068901845,-1.535804961,-3.482309367,7,,120.7841122,0.883525345,0.939960289,0.953762199,0.046237801,0.00050652,2,2
21,11,1,2,4,159.7609412,39.44574807,2.068590606,-1.613436885,-3.490239841,7,,120.1710309,0.880544713,0.93837344,0.950963347,0.049036653,0.000477314,2,2
22,16,1,2,4,160.8122044,41.10231258,2.066630266,-1.638311668,-3.526445884,7,,125.2982176,0.837113575,0.91493911,0.905562785,0.094437215,0.000662565,2,2
22,21,1,2,4,159.9189015,39.68069719,2.068790064,-1.513413869,-3.476686743,7,,130.0544977,0.871145282,0.933351639,0.946644144,0.053355856,0.000420213,7,2
22,26,1,2,4,158.0191505,38.21079882,2.067411439,-1.169812723,-3.449327792,7,,120.4948081,0.934332911,0.966608975,0.977960896,0.022039104,0.000423431,7,2
23,31,1,2,4,158.2026923,38.45141068,2.067230037,-1.382603027,-3.386249062,7,,122.095752,0.879489967,0.937811264,0.944865624,0.055134376,0.000456452,7,2
23,36,1,2,4,159.8494534,40.20009584,2.066872011,-1.628920125,-3.507215872,7,,125.2435508,0.828993029,0.910490543,0.898293052,0.101706948,0.000703573,7,2
23,41,1,2,4,162.1911913,41.87083201,2.0693748,-1.544721215,-3.495554965,7,,128.5403862,0.8698574,0.932661461,0.946534148,0.053465852,0.00044179,12,2
21,1,1,2,5,163.8115363,43.68180461,2.068170609,-1.669707663,-3.469608179,7,,126.8107478,0.920054519,0.959194724,0.968736283,0.031263717,0.000502706,12,2
21,6,1,2,5,166.4518856,45.40064822,2.071383987,-1.588695811,-3.455490441,7,,121.9680251,0.906652292,0.952182909,0.963767347,0.036232653,0.000464559,12,2
21,11,1,2,5,159.8855724,39.82074918,2.067805054,-1.659390944,-3.464900913,7,,122.5207911,0.881856142,0.939071958,0.939268289,0.060731711,0.000502825,12,2
22,16,1,2,5,158.3579752,38.7998519,2.066091249,-1.800421373,-3.488642119,7,,123.4467879,0.853400036,0.923796534,0.92041709,0.07958291,0.000510812,2,2
22,21,1,2,5,160.8456524,39.90640799,2.071134249,-1.647139046,-3.46384574,7,,122.0602361,0.917159394,0.957684392,0.971756463,0.028243537,0.000488758,2,2
22,26,1,2,5,159.1639699,39.50391267,2.066797172,-1.373451991,-3.417591158,7,,121.6363054,0.932322675,0.965568576,0.971839308,0.028160692,0.000467896,2,2
23,31,1,2,5,160.1486205,40.32732898,2.067395002,-1.732796863,-3.473441046,7,,125.148712,0.837442278,0.915118723,0.892079006,0.107920994,0.00077498,2,2
23,36,1,2,5,163.1015267,43.56739177,2.066514338,-1.554713415,-3.454605044,7,,126.9165778,0.868458889,0.931911417,0.929021094,0.070978906,0.000477433,7,2
23,41,1,2,5,160.7587405,40.75004975,2.068304264,-1.624409902,-3.470830249,7,,121.361015,0.881154056,0.938698064,0.962490761,0.037509239,0.000465512,7,2
21,1,1,2,6,166.4284434,45.15093839,2.072324524,-1.524741471,-3.438252428,7,,119.7673904,0.916745227,0.957468134,0.963533233,0.036466767,0.000481009,7,2
21,6,1,2,6,162.7849898,42.59648757,2.068223943,-1.522875618,-3.431348955,7,,124.7270638,0.833474933,0.912948483,0.888832005,0.111167995,0.000722528,7,2
21,11,1,2,6,161.6097177,40.82624383,2.070344126,-1.543187936,-3.456377646,7,,122.8550581,0.848554905,0.9211704,0.919659482,0.080340518,0.000468969,12,2
22,16,1,2,6,161.3352069,41.52793275,2.066945115,-1.501760538,-3.454605044,7,,125.6703729,0.925740557,0.962154123,0.976686407,0.023313593,0.000459075,12,2
22,21,1,2,6,159.5653123,39.35211776,2.068761119,-1.589765814,-3.447873469,7,,126.8867843,0.928326172,0.963496846,0.973986864,0.026013136,0.000442386,12,2
22,26,1,2,6,161.5427534,41.68563355,2.067287535,-1.323725902,-3.392978415,7,,120.5867958,0.895682724,0.946405158,0.95481297,0.04518703,0.000399828,12,2
23,31,1,2,6,161.8459371,42.07221798,2.06746311,-1.526775146,-3.439390459,7,,122.8430196,0.832701353,0.912524714,0.917338977,0.082661023,0.000445724,2,2
23,36,1,2,6,165.8003949,45.24660278,2.068125925,-1.41098799,-3.428978666,7,,123.0110141,0.916049149,0.957104565,0.970655745,0.029344255,0.000456452,2,2
23,41,1,2,6,163.5536195,43.00833878,2.069857465,-1.420873576,-3.434153361,7,,119.3091067,0.934165426,0.966522336,0.976393254,0.023606746,0.000401616,2,2
21,1,1,2,8,168.6514986,46.3659515,2.07606228,-1.219189371,-3.46838826,7,,122.3388649,0.820705728,0.905928103,0.923689377,0.076310623,0.000406861,2,2
21,6,1,2,8,169.4647847,47.78686317,2.073322193,-1.197740099,-3.473594808,7,,119.9523884,0.873322682,0.934517352,0.941411643,0.058588357,0.000415564,7,2
21,11,1,2,8,170.9047135,48.79372209,2.074649598,-1.149123019,-3.494907027,7,,123.4402574,0.906614149,0.952162879,0.963518454,0.036481546,0.000452876,7,2
22,16,1,2,8,165.2682161,44.34964973,2.070775963,-1.277481074,-3.520912952,7,,120.9282484,0.914490191,0.956289805,0.96315559,0.03684441,0.000463963,7,2
22,21,1,2,8,165.5771647,43.85462974,2.073853131,-1.333416861,-3.511229372,7,,127.311437,0.85429582,0.924281245,0.923704794,0.076295206,0.000618815,7,2
22,26,1,2,8,167.1832128,45.68605606,2.072407643,-1.083636257,-3.442533703,7,,120.0440776,0.881299806,0.938775695,0.944757503,0.055242497,0.000369906,12,2
23,31,1,2,8,165.4417863,45.18898827,2.069444003,-1.284158269,-3.483883919,7,,122.4415901,0.922978398,0.960717647,0.971916372,0.028083628,0.000449657,12,2
23,36,1,2,8,164.8147436,44.12733692,2.070207207,-1.346300269,-3.520226085,7,,123.6975256,0.917283981,0.957749435,0.965910786,0.034089214,0.000449419,12,2
23,41,1,2,8,166.7674092,44.722871,2.074906666,-1.325400736,-3.521429176,7,,122.5543461,0.821685469,0.906468681,0.907545164,0.092454836,0.000451803,12,2
38,1,1,3,4,172.9361168,47.50489432,2.087274416,-1.081327445,-3.378754112,11,,118.6176986,0.905273934,0.951458845,0.968234003,0.031765997,0.000321388,3,3
38,6,1,3,4,165.2926796,44.53246972,2.070322979,-1.200611309,-3.402160073,11,,117.2075179,0.942843067,0.971001064,0.986688603,0.013311397,0.000331283,3,3
38,11,1,3,4,164.308866,43.5227344,2.070885098,-1.23804745,-3.439247146,11,,118.0111002,0.894421888,0.945738805,0.969710929,0.030289071,0.000344276,3,3
39,16,1,3,4,167.3693157,46.36961274,2.071857397,-1.046818125,-3.413145,11,,118.7016915,0.907533697,0.95264563,0.970764576,0.029235424,0.000275731,3,3
39,21,1,3,4,166.1500461,44.13669219,2.076182639,-1.085390138,-3.363304534,11,,119.0948564,0.910911067,0.954416611,0.966216856,0.033783144,0.000317216,8,3
39,26,1,3,4,172.0497476,49.85533296,2.077448305,-1.104059599,-3.387131411,11,,117.4869992,0.934598913,0.966746561,0.981122174,0.018877826,0.000336051,8,3
40,31,1,3,4,171.8030692,51.46121122,2.070974342,-1.114975076,-3.358905815,11,,116.8983079,0.916475081,0.95732705,0.971077679,0.028922321,0.000343323,8,3
40,36,1,3,4,163.4319069,43.28344382,2.070827981,-1.240131837,-3.379621349,11,,117.4665526,0.920314055,0.959330003,0.976515826,0.023484174,0.000266194,8,3
40,41,1,3,4,168.2416604,46.65197211,2.075342581,-1.084884555,-3.308792926,11,,117.7420143,0.876743953,0.936346065,0.956909853,0.043090147,0.000303984,13,3
38,1,1,3,5,175.8011589,51.26877029,2.08376098,-0.943157044,-3.231283481,11,,118.383342,0.914505821,0.956297977,0.982741279,0.017258721,0.00032115,13,3
38,6,1,3,5,171.5401029,48.5480434,2.078240492,-1.032931749,-3.28530066,11,,117.7158492,0.859272468,0.926969508,0.961461407,0.038538593,0.000336647,13,3
38,11,1,3,5,164.8805388,44.52555745,2.06887089,-1.03186614,-3.313562157,11,,120.0749931,0.791375077,0.889592647,0.916008673,0.083991327,0.000303864,13,3
39,16,1,3,5,168.16193,47.12599544,2.070995748,-1.01597745,-3.302306089,11,,118.1064801,0.879239354,0.937677639,0.948324927,0.051675073,0.000337601,3,3
39,21,1,3,5,166.7662256,45.58962418,2.072118564,-0.994352529,-3.279645515,11,,117.6317065,0.934866085,0.966884732,0.983846806,0.016153194,0.000330925,3,3
39,26,1,3,5,169.923458,48.84239387,2.071927375,-1.138311546,-3.327092522,11,,116.8113172,0.927247956,0.962937151,0.976195407,0.023804593,0.000335574,3,3
40,31,1,3,5,170.0557552,48.30470458,2.074019443,-1.029496267,-3.257358908,11,,116.7158493,0.931007791,0.96488745,0.978089999,0.021910001,0.000264525,3,3
40,36,1,3,5,161.4885249,41.17591214,2.069538685,-0.902923368,-3.083771943,11,,130.3736352,0.885724581,0.941129418,0.958001969,0.041998031,0.000321388,8,3
40,41,1,3,5,161.115957,40.41552927,2.070709761,-0.798921379,-2.976550403,11,,119.052277,0.919516788,0.95891438,0.973837452,0.026162548,0.000344515,8,3
38,1,1,3,6,180.5550297,52.90201488,2.093883642,-0.954935186,-3.146625501,11,,118.8250305,0.903919472,0.950746797,0.962926889,0.037073111,0.000357032,8,3
38,6,1,3,6,176.2039273,50.92771251,2.086286006,-1.077262925,-3.209779598,11,,118.2855745,0.927112015,0.962866561,0.978588676,0.021411324,0.000266552,8,3
38,11,1,3,6,168.8548823,47.10261607,2.073907589,-1.092149654,-3.252979933,11,,116.7552823,0.891219161,0.944044046,0.954151912,0.045848088,0.000324249,13,3
39,16,1,3,6,169.750329,48.47593358,2.071726576,-1.086581323,-3.272896511,11,,116.5229337,0.935846753,0.967391727,0.983025848,0.016974152,0.00032413,13,3
39,21,1,3,6,169.696438,47.85095587,2.074323323,-0.961500162,-3.254279714,11,,116.640855,0.945550231,0.972394072,0.98377633,0.01622367,0.000323176,13,3
39,26,1,3,6,170.225272,48.85890367,2.073331745,-1.161205111,-3.320653882,11,,118.4504713,0.87882131,0.937454698,0.953286777,0.046713223,0.00028646,13,3
40,31,1,3,6,178.2125875,51.96065801,2.090183113,-1.128575684,-3.309636439,11,,118.8970994,0.851206529,0.922608546,0.925724965,0.074275035,0.000357032,3,3
40,36,1,3,6,164.7675469,44.69514038,2.069691112,-1.285540734,-3.315913522,11,,117.3717542,0.867644228,0.931474223,0.937774098,0.062225902,0.000384092,3,3
40,41,1,3,6,166.8591984,45.70431818,2.072973845,-1.122541775,-3.258296229,11,,117.3748617,0.859747127,0.9272255,0.936761115,0.063238885,0.000385404,3,3
38,1,1,3,8,181.877854,55.16475631,2.090486958,-0.776571971,-3.128574773,11,,120.1929485,0.86867919,0.932029608,0.960956576,0.039043424,0.000267029,3,3
38,6,1,3,8,174.9653473,51.44381417,2.07947679,-0.891976182,-3.206268968,11,,117.6495532,0.891039283,0.943948771,0.951802973,0.048197027,0.000322104,8,3
38,11,1,3,8,166.5500909,44.00001477,2.074519525,-0.951375148,-3.295403402,11,,118.5268053,0.901952333,0.94971171,0.962791738,0.037208262,0.0003438,8,3
39,16,1,3,8,165.4370839,43.68682315,2.073293706,-0.940681829,-3.274842507,11,,122.6785964,0.902163558,0.949822909,0.963833091,0.036166909,0.000340939,8,3
39,21,1,3,8,179.1169753,51.36156778,2.093225682,-0.903927523,-3.299510888,11,,117.4695813,0.917293125,0.957754209,0.97968669,0.02031331,0.000256419,8,3
39,26,1,3,8,168.6886283,46.76223508,2.076105719,-0.939242431,-3.325885054,11,,122.6766393,0.857502249,0.926014173,0.941602227,0.058397773,0.000328898,13,3
40,31,1,3,8,168.6635717,46.04508557,2.078380396,-0.98153716,-3.276600158,11,,118.1041221,0.946282565,0.972770561,0.98859042,0.01140958,0.000310898,13,3
40,36,1,3,8,165.3472448,44.42877085,2.072658772,-0.968307895,-3.216460152,11,,116.7957978,0.916450703,0.957314318,0.976220784,0.023779216,0.000326514,13,3
40,41,1,3,8,168.5802227,46.64579563,2.076347349,-1.013842891,-3.212810956,11,,117.5634505,0.828287298,0.910102905,0.921087162,0.078912838,0.000286341,13,3
54,1,1,4,4,159.53214,39.45336115,2.068056808,-2.042295905,-3.551330774,15,,121.3501503,0.911005226,0.954465938,0.962169508,0.037830492,0.000362396,3,4
54,6,1,4,4,159.9491924,40.19360671,2.066875885,-2.040431236,-3.561395953,15,,125.5229615,0.850873331,0.922427954,0.897917617,0.102082383,0.000763059,3,4
54,11,1,4,4,160.4920637,39.95526839,2.069734184,-2.021012245,-3.562151177,15,,122.5702511,0.844530638,0.918983481,0.899075987,0.100924013,0.000789046,3,4
55,16,1,4,4,158.5163706,38.76975223,2.067045017,-1.907366083,-3.54949224,15,,129.3334654,0.744708314,0.862964839,0.770505722,0.229494278,0.002797008,3,4
55,21,1,4,4,159.2984996,39.62961884,2.066651386,-2.009762803,-3.56083,15,,120.4596967,0.864014932,0.929524035,0.938400799,0.061599201,0.000414252,8,4
55,26,1,4,4,156.3256017,36.71725867,2.066327293,-2.058423378,-3.563096662,15,,123.2194343,0.854317895,0.924293187,0.902375536,0.097624464,0.000755429,8,4
56,31,1,4,4,159.3289632,38.97846947,2.069286156,-1.84038538,-3.550410534,15,,122.2055288,0.874529413,0.935162774,0.921346584,0.078653416,0.000729442,8,4
56,36,1,4,4,165.1115308,43.90360476,2.072151555,-1.687909215,-3.539694644,15,,126.3592252,0.746151858,0.863800821,0.769517242,0.230482758,0.002640963,8,4
56,41,1,4,4,158.7188179,38.75292445,2.067791104,-2.026240892,-3.567664183,15,,119.8276179,0.522346231,0.722735243,0.54918968,0.45081032,0.006508172,13,4
54,1,1,4,5,172.8446795,50.03978618,2.077248424,-1.563215596,-3.450056785,15,,124.749603,0.765353298,0.874844728,0.805636683,0.194363317,0.001966238,13,4
54,6,1,4,5,163.762384,43.75018386,2.067736813,-1.784187247,-3.482938767,15,,125.9409693,0.689063983,0.830098779,0.726107086,0.273892914,0.002883673,13,4
54,11,1,4,5,175.4432897,48.13006122,2.094073993,-1.478298197,-3.448600022,15,,124.9554768,0.752703812,0.867585046,0.77899504,0.22100496,0.003404498,13,4
55,16,1,4,5,164.9470789,43.4994568,2.073001878,-1.65742998,-3.465807573,15,,121.7770074,0.797562347,0.893063462,0.855504561,0.144495439,0.000643015,3,4
55,21,1,4,5,163.4947902,43.72350262,2.066862028,-1.839303517,-3.487367626,15,,124.9778257,0.842288637,0.917762844,0.890988958,0.109011042,0.000946999,3,4
55,26,1,4,5,166.5649575,44.76073708,2.074372747,-1.760373709,-3.478553311,15,,123.1404246,0.836407345,0.914553085,0.892403679,0.107596321,0.000878453,3,4
56,31,1,4,5,166.9795492,46.81558211,2.068003605,-1.513842355,-3.459945958,15,,125.6903984,0.765264299,0.874793861,0.791142895,0.208857105,0.002013624,3,4
56,36,1,4,5,169.557967,47.61052213,2.074705756,-1.327340279,-3.446423999,15,,135.8261865,0.581530477,0.762581456,0.638435469,0.361564531,0.001520634,8,4
56,41,1,4,5,167.1005439,46.58145889,2.067143814,-1.573519726,-3.467171759,15,,124.9101037,0.731709453,0.855400171,0.793406938,0.206593062,0.001300812,8,4
54,1,1,4,6,168.3812404,47.22560643,2.071672517,-1.520120517,-3.463093252,15,,120.0682736,0.708255416,0.84157912,0.770508721,0.229491279,0.001330733,8,4
54,6,1,4,6,162.5793827,42.72411683,2.067217236,-1.795915359,-3.486573296,15,,129.8138848,0.748760946,0.86530974,0.78342152,0.21657848,0.00332129,8,4
54,11,1,4,6,175.7476422,46.87102283,2.099319157,-1.484739474,-3.441674305,15,,118.1365116,0.847626209,0.920666177,0.908165347,0.091834653,0.000461102,13,4
55,16,1,4,6,169.9501667,45.80851473,2.082786445,-1.5563859,-3.459647998,15,,124.6201894,0.841647374,0.917413415,0.892040888,0.107959112,0.000869036,13,4
55,21,1,4,6,164.378941,44.54040582,2.067037737,-1.700478777,-3.480582878,15,,119.8432116,0.843134069,0.918223322,0.884693138,0.115306862,0.001029611,13,4
55,26,1,4,6,164.3226949,44.665027,2.066488601,-1.591857083,-3.467476202,15,,126.5988859,0.761501188,0.872640354,0.787238073,0.212761927,0.002800345,13,4
56,31,1,4,6,175.0613092,51.52185771,2.07896623,-1.487056772,-3.457712485,15,,118.0072933,0.87031846,0.932908602,0.924868422,0.075131578,0.000494123,3,4
56,36,1,4,6,171.8861204,48.71559259,2.078886636,-1.24609892,-3.435844265,15,,122.3049534,0.854793557,0.924550462,0.889185167,0.110814833,0.000937104,3,4
56,41,1,4,6,165.1608536,45.51451671,2.06625674,-1.544328801,-3.473748624,15,,119.6677256,0.828248402,0.910081536,0.868330475,0.131669525,0.001057863,3,4
54,1,1,4,8,172.7574359,49.09524797,2.080581111,-1.333051663,-3.502909942,15,,122.1092052,0.764274562,0.874227981,0.792653756,0.207346244,0.002322435,3,4
54,6,1,4,8,164.3802648,43.49583168,2.07070634,-1.353707214,-3.526445884,15,,119.3347595,0.891956812,0.944434652,0.957922754,0.042077246,0.000334382,8,4
54,11,1,4,8,173.1195077,48.32357728,2.084970918,-1.184377105,-3.42537965,15,,123.2061009,0.86381074,0.929414192,0.917046474,0.082953526,0.000607014,8,4
55,16,1,4,8,168.1560235,45.46884267,2.077233681,-1.330992825,-3.489599779,15,,117.7441305,0.830911266,0.911543343,0.881179898,0.118820102,0.000701785,8,4
55,21,1,4,8,164.9650677,44.87967139,2.067452729,-1.296378022,-3.524709531,15,,124.5084242,0.795649424,0.89199183,0.833212718,0.166787282,0.001285076,8,4
55,26,1,4,8,166.7863905,44.8034123,2.074057836,-1.295847621,-3.491843463,15,,117.2390315,0.875646185,0.935759683,0.930748402,0.069251598,0.000430346,13,4
56,31,1,4,8,173.2693054,49.71646306,2.07983729,-1.023479606,-3.419898799,15,,122.8357323,0.860695501,0.927736763,0.924165794,0.075834206,0.000613451,13,4
56,36,1,4,8,170.9846076,47.51292369,2.079103404,-1.06729217,-3.461142359,15,,117.8559198,0.861937905,0.92840611,0.915719033,0.084280967,0.000633359,13,4
56,41,1,4,8,166.486105,46.03273008,2.0693174,-1.188533414,-3.481524227,15,,126.9466833,0.794918451,0.891581993,0.838162392,0.161837608,0.001263976,13,4
9,1,2,1,4,170.3813671,45.95780048,2.084040319,-1.422158011,-3.440816605,4,,118.7573553,0.877359805,0.936674866,0.940186227,0.059813773,0.000371933,4,1
9,6,2,1,4,169.9513773,46.53250401,2.080841765,-1.210424921,-3.382735386,4,,117.936025,0.883311507,0.939846534,0.946291573,0.053708427,0.000420332,4,1
9,11,2,1,4,163.8850315,41.12638461,2.078556926,-0.346006151,-2.186540978,4,,118.8308476,0.847180365,0.920424014,0.947960862,0.052039138,0.000377893,4,1
10,16,2,1,4,169.3161828,44.62919319,2.085565297,-0.840145861,-3.191778896,4,,121.6298432,0.900489351,0.948941174,0.962943163,0.037056837,0.000316262,4,1
10,21,2,1,4,185.978726,46.73705285,2.132983507,-0.44181418,-2.817975303,4,,119.128093,0.896352576,0.946758985,0.949411219,0.050588781,0.00037384,9,1
10,26,2,1,4,164.6781858,43.5444415,2.072384143,-1.036993411,-3.336202994,4,,117.9622861,0.898323448,0.947799266,0.953457128,0.046542872,0.000400543,9,1
11,31,2,1,4,165.7713599,44.88853122,2.071908849,-1.12417749,-3.30616493,4,,118.2273755,0.905728953,0.951697932,0.962711212,0.037288788,0.000369906,9,1
11,36,2,1,4,170.5922887,48.1602981,2.076766962,-1.375952693,-3.475757109,4,,120.104646,0.841754843,0.917471985,0.919277395,0.080722605,0.000344038,9,1
11,41,2,1,4,163.9262594,43.98684018,2.069072222,-1.159570201,-3.366182229,4,,118.3730677,0.845576671,0.91955243,0.930750999,0.069249001,0.000351906,4,1
9,1,2,1,5,177.0900189,48.55284988,2.098723177,-0.9910492,-3.117441881,4,,117.5132891,0.856984958,0.925734821,0.928122265,0.071877735,0.000472426,4,1
9,6,2,1,5,173.8053767,47.53989098,2.090679211,-1.010441338,-3.121806347,4,,118.6515898,0.875717088,0.935797568,0.952206216,0.047793784,0.000368595,4,1
9,11,2,1,5,172.0777464,44.43339797,2.096039172,-0.711385698,-2.706363915,4,,119.9604535,0.876960723,0.936461811,0.946162767,0.053837233,0.000323415,4,1
10,16,2,1,5,170.267728,42.35884458,2.096832965,-0.962529509,-3.02365048,4,,118.6881116,0.914146159,0.956109909,0.96895912,0.03104088,0.000307322,9,1
10,21,2,1,5,169.9538628,42.03784328,2.096597569,-0.684884267,-2.885785465,4,,119.6280439,0.878705275,0.937392807,0.957069321,0.042930679,0.000350118,9,1
10,26,2,1,5,173.6374612,46.13679145,2.095588407,-0.966740696,-3.060962232,4,,117.1439937,0.911441744,0.954694582,0.967030282,0.032969718,0.000345469,9,1
11,31,2,1,5,168.02324,42.94532586,2.087444046,-0.955402104,-3.028212208,4,,118.7599907,0.895151841,0.946124643,0.957019386,0.042980614,0.000302434,9,1
11,36,2,1,5,174.4064465,48.06977987,2.090632214,-1.081165149,-3.216801292,4,,118.0861085,0.8815738,0.938921615,0.956305829,0.043694171,0.000317216,4,1
11,41,2,1,5,176.6777733,50.7248758,2.089324719,-1.120134856,-3.212220121,4,,117.3609478,0.876993747,0.936479443,0.950947986,0.049052014,0.000365138,4,1
9,1,2,1,6,174.0276947,48.16880399,2.088385076,-0.996005489,-3.102897677,4,,118.6035974,0.893915398,0.945470993,0.963023111,0.036976889,0.00036335,4,1
9,6,2,1,6,173.3365162,48.08857014,2.087090855,-1.104282411,-3.137009234,4,,118.6560834,0.882180606,0.9392447,0.953854649,0.046145351,0.000301719,4,1
9,11,2,1,6,175.9035452,46.81744404,2.100167032,-0.562419203,-2.540053989,4,,118.6846096,0.889188284,0.942967806,0.949108237,0.050891763,0.000345707,9,1
10,16,2,1,6,177.807456,51.64224979,2.090400647,-0.968202578,-3.05628147,4,,118.2484531,0.877321977,0.936654673,0.942128298,0.057871702,0.000390768,9,1
10,21,2,1,6,167.3517556,44.29431748,2.079428266,-0.639233814,-2.875909073,4,,118.9775679,0.839706141,0.916354812,0.940030228,0.059969772,0.000385523,9,1
10,26,2,1,6,174.2598086,51.48422827,2.078613439,-0.938144847,-2.987326826,4,,119.8642169,0.820775495,0.905966608,0.899560748,0.100439252,0.000381589,9,1
11,31,2,1,6,171.9917524,49.32557993,2.077977037,-0.880514731,-2.975570573,4,,117.2194436,0.878585538,0.937328938,0.941510278,0.058489722,0.000351429,4,1
11,36,2,1,6,173.8183191,52.85455069,2.070939267,-0.925110079,-3.153795919,4,,116.5883932,0.914853672,0.956479834,0.963272394,0.036727606,0.000368357,4,1
11,41,2,1,6,171.8203739,50.79491929,2.071351402,-1.07427049,-3.198350054,4,,117.8062011,0.884138635,0.940286464,0.950549544,0.049450456,0.000381112,4,1
9,1,2,1,8,179.0027096,46.03488606,2.111710914,-0.639228138,-2.553306291,4,,118.6005502,0.838619558,0.915761736,0.917249496,0.082750504,0.000361919,4,1
9,6,2,1,8,170.3801241,40.91759795,2.101606954,-0.637361558,-2.578237683,4,,123.2234586,0.805152519,0.897302914,0.900384632,0.099615368,0.000408292,9,1
9,11,2,1,8,167.6463855,39.85174931,2.096755296,-0.655597979,-2.467946917,4,,116.9923346,0.883763626,0.940087031,0.942589973,0.057410027,0.000398993,9,1
10,16,2,1,8,171.4943048,42.74859335,2.099302103,-0.680150746,-2.696021621,4,,117.8735637,0.871542089,0.933564186,0.934640319,0.065359681,0.000431299,9,1
10,21,2,1,8,175.4662408,42.48157591,2.113321147,-0.664384699,-2.478693202,4,,120.1522836,0.811113942,0.900618644,0.882046688,0.117953312,0.000419974,9,1
10,26,2,1,8,173.7232032,43.94778642,2.102429884,-0.672106085,-2.552788461,4,,118.7646123,0.830895072,0.91153446,0.900889499,0.099110501,0.000436425,4,1
11,31,2,1,8,169.0175498,43.63172231,2.086748404,-0.683303827,-2.634056432,4,,119.1185074,0.781459504,0.884001982,0.902306502,0.097693498,0.000437975,4,1
11,36,2,1,8,174.5819086,47.02749582,2.095198737,-0.777837069,-2.891071187,4,,117.2340667,0.897383808,0.94730344,0.955587948,0.044412052,0.000386596,4,1
11,41,2,1,8,177.336466,47.08159879,2.103621359,-0.790920549,-2.898261172,4,,118.6587061,0.836899563,0.914822148,0.912281166,0.087718834,0.000369549,4,1
25,1,2,2,4,173.9824857,43.76042018,2.105440368,-0.769358685,-2.860356692,8,,116.82884,0.869443037,0.932439294,0.928019751,0.071980249,0.000451446,2,2
25,6,2,2,4,171.1625426,45.31517893,2.089446681,-0.759219938,-2.873580891,8,,117.0408684,0.889687164,0.943232296,0.950231837,0.049768163,0.000442863,2,2
25,11,2,2,4,167.2357215,40.90647033,2.091384358,-0.732999443,-2.800099534,8,,117.3499719,0.876574866,0.93625577,0.933981443,0.066018557,0.000500679,2,2
26,16,2,2,4,179.3274992,47.51001468,2.107293875,-0.738451224,-2.812494508,8,,118.0238116,0.819500743,0.905262803,0.869734118,0.130265882,0.000637174,2,2
26,21,2,2,4,180.1879745,46.80370692,2.11419271,-0.747166743,-2.79551699,8,,116.5149502,0.897922803,0.947587887,0.949550643,0.050449357,0.000381231,7,2
26,26,2,2,4,170.744008,42.53249842,2.0978758,-0.736105424,-2.793742315,8,,116.7762627,0.910770664,0.954343054,0.958278937,0.041721063,0.000425458,7,2
27,31,2,2,4,174.1840416,43.68243526,2.105795501,-0.758475546,-2.773363239,8,,116.9990621,0.872069116,0.933846409,0.916036401,0.083963599,0.000591278,7,2
27,36,2,2,4,170.1420359,42.25820241,2.096673731,-0.768421959,-2.749397535,8,,117.918049,0.783849121,0.885352541,0.855633505,0.144366495,0.000622392,7,2
27,41,2,2,4,174.0128361,44.24454363,2.102090224,-0.726343662,-2.676748312,8,,116.813264,0.854011878,0.924127631,0.925962943,0.074037057,0.000407696,12,2
25,1,2,2,5,171.7736101,44.9523308,2.094257041,-0.95059774,-3.011840296,8,,117.2488853,0.897620439,0.947428329,0.958465321,0.041534679,0.000421286,12,2
25,6,2,2,5,171.7682438,45.40095896,2.090801041,-0.953498752,-3.047471991,8,,117.0697148,0.875743814,0.935811848,0.928046889,0.071953111,0.00054121,12,2
25,11,2,2,5,167.4350453,41.89837058,2.088120811,-0.922756241,-2.985470641,8,,117.7892147,0.801447222,0.895235847,0.861700496,0.138299504,0.0006181,12,2
26,16,2,2,5,172.3702813,44.98277068,2.094170542,-0.87896809,-2.956282178,8,,117.4578345,0.87180626,0.93370566,0.938912178,0.061087822,0.000407457,2,2
26,21,2,2,5,171.7542963,44.59072211,2.094079732,-0.92931676,-2.979256392,8,,117.7970243,0.890438473,0.943630475,0.940641658,0.059358342,0.00052321,2,2
26,26,2,2,5,173.3997608,45.16039285,2.097704432,-0.901865323,-2.956891298,8,,117.5883366,0.859443521,0.927061768,0.920361948,0.079638052,0.000557065,2,2
27,31,2,2,5,180.8078078,46.12656299,2.119349916,-0.893846174,-2.909589565,8,,117.8669392,0.797158226,0.892837178,0.861506437,0.138493563,0.000611067,2,2
27,36,2,2,5,164.1752686,41.41841068,2.078356721,-0.899353252,-2.841047992,8,,116.8876186,0.883654367,0.940028918,0.940891024,0.059108976,0.000408649,7,2
27,41,2,2,5,171.0599234,42.83978573,2.097865742,-0.871672981,-2.878601692,8,,117.7134065,0.904750409,0.951183688,0.95247813,0.04752187,0.000495911,7,2
25,1,2,2,6,171.6998952,46.3421554,2.088595642,-1.005560285,-3.110642823,8,,118.1599101,0.876573056,0.936254803,0.932923741,0.067076259,0.000541568,7,2
25,6,2,2,6,171.8214291,45.78761789,2.089723817,-1.03379187,-3.136725926,8,,124.4549253,0.768960818,0.87690411,0.854866684,0.145133316,0.000588298,7,2
25,11,2,2,6,172.5353074,46.57775921,2.086956226,-1.002367291,-3.083081999,8,,116.9997917,0.855929886,0.925164789,0.91798554,0.08201446,0.000452518,12,2
26,16,2,2,6,170.6190913,44.47239656,2.089429979,-0.982006441,-3.072737454,8,,117.1330355,0.849487477,0.921676449,0.921293095,0.078706905,0.000530958,12,2
26,21,2,2,6,172.8965486,46.11009516,2.091592281,-1.022345252,-3.074577544,8,,118.2558801,0.832060126,0.912173298,0.910794427,0.089205573,0.000574946,12,2
26,26,2,2,6,172.0779115,44.74358549,2.09460221,-0.9851232,-3.060783861,8,,116.9808129,0.807950399,0.898860612,0.862662067,0.137337933,0.000629783,12,2
27,31,2,2,6,183.3401246,49.21423644,2.117523345,-0.937388019,-3.003357884,8,,116.7774421,0.880625692,0.938416588,0.936040632,0.063959368,0.000409484,2,2
27,36,2,2,6,165.0707139,42.43639052,2.077517269,-0.971740644,-2.943095911,8,,116.7503185,0.874894698,0.935358059,0.930750749,0.069249251,0.000492215,2,2
27,41,2,2,6,170.4474533,43.00425773,2.095011749,-0.88517441,-2.887061028,8,,116.9330087,0.841810066,0.91750208,0.898201483,0.101798517,0.000633121,2,2
25,1,2,2,8,173.9711606,46.66525806,2.094733715,-0.925406255,-3.110109178,8,,117.6163332,0.821654744,0.906451733,0.879553563,0.120446437,0.000639915,2,2
25,6,2,2,8,176.4191061,47.29172359,2.100041673,-0.934049422,-3.122972655,8,,116.951771,0.902268697,0.949878254,0.943729653,0.056270347,0.000426531,7,2
25,11,2,2,8,176.2317538,46.74229732,2.100365398,-0.913135247,-3.074700803,8,,116.6365077,0.907206127,0.952473688,0.946128118,0.053871882,0.00049448,7,2
26,16,2,2,8,176.4861859,45.46529934,2.106248314,-0.921698272,-3.080207741,8,,117.5744308,0.883984318,0.940204402,0.935016517,0.064983483,0.000533104,7,2
26,21,2,2,8,173.7642842,45.80447693,2.096498511,-0.934484355,-3.0673842,8,,117.3537379,0.792612673,0.890287972,0.852270397,0.147729603,0.000723362,7,2
26,26,2,2,8,174.647091,45.43391765,2.101024883,-0.935959134,-3.084085965,8,,116.6888414,0.861514272,0.928177931,0.918388773,0.081611227,0.000485182,12,2
27,31,2,2,8,178.2668184,50.46015611,2.095547464,-0.894628021,-3.059297286,8,,117.1783822,0.885498325,0.941009206,0.941243419,0.058756581,0.000501394,12,2
27,36,2,2,8,161.5760628,40.29324341,2.072585504,-0.932393257,-2.954157353,8,,118.1162927,0.856559926,0.925505227,0.914362812,0.085637188,0.000602126,12,2
27,41,2,2,8,170.5550168,41.94194372,2.098018121,-0.893987676,-2.962791102,8,,117.2588338,0.800524014,0.894720076,0.858222995,0.141777005,0.000695586,12,2
42,1,2,3,4,171.6711971,47.19096952,2.084495157,-0.638389352,-2.766535561,12,,116.9631167,0.912071934,0.955024572,0.971076181,0.028923819,0.000337362,2,3
42,6,2,3,4,176.8681824,48.18094541,2.099282584,-0.678546104,-2.800917074,12,,116.9958909,0.918891036,0.958588043,0.978605983,0.021394017,0.00033915,2,3
42,11,2,3,4,176.9091089,48.69480016,2.097806823,-0.946747351,-3.15936454,12,,118.1202954,0.907154077,0.952446364,0.970128397,0.029871603,0.000364542,2,3
43,16,2,3,4,190.4511039,51.21052338,2.133113534,-1.002524332,-3.201961527,12,,119.141285,0.881063406,0.938649778,0.939631466,0.060368534,0.000340104,2,3
43,21,2,3,4,177.6789971,51.12469684,2.092125176,-0.977100809,-3.1434445,12,,117.1930467,0.915860138,0.957005819,0.970879754,0.029120246,0.000329375,7,3
43,26,2,3,4,169.2597818,47.13479669,2.074887108,-1.058702448,-3.270477227,12,,117.864763,0.919301929,0.958802341,0.974218737,0.025781263,0.000350356,7,3
44,31,2,3,4,180.5663022,53.02109383,2.095689329,-0.885442602,-3.208439168,12,,117.0102597,0.91671247,0.957451027,0.969999784,0.030000216,0.000370383,7,3
44,36,2,3,4,194.5447779,55.29667075,2.133554773,-0.555565901,-2.63510527,12,,118.3919552,0.860869994,0.9278308,0.936575084,0.063424916,0.000336051,7,3
44,41,2,3,4,177.6958552,47.05781178,2.106320006,-0.582017896,-2.910473207,12,,117.1090898,0.933403269,0.966127978,0.975646403,0.024353597,0.000323415,12,3
42,1,2,3,5,176.9043264,51.9113476,2.086056879,-0.74548762,-2.884553586,12,,116.8974543,0.934705861,0.966801873,0.978091681,0.021908319,0.000342846,12,3
42,6,2,3,5,173.9818615,49.56455659,2.083923293,-0.848221174,-2.910052167,12,,117.5828888,0.910898507,0.954410031,0.971370612,0.028629388,0.000349641,12,3
42,11,2,3,5,183.7000837,57.19159553,2.091016589,-1.020573268,-3.217484379,12,,118.7543694,0.845834864,0.91969281,0.92906232,0.07093768,0.000319958,12,3
43,16,2,3,5,179.6629622,55.42352248,2.084043472,-1.075516509,-3.259800794,12,,116.5816684,0.919347842,0.958826284,0.977002092,0.022997908,0.000297546,2,3
43,21,2,3,5,175.4332668,53.0618558,2.076956212,-1.087131629,-3.230050639,12,,116.4370647,0.945517816,0.972377404,0.984166438,0.015833562,0.000324607,2,3
43,26,2,3,5,173.3511067,51.36875824,2.075159635,-1.132618973,-3.319572016,12,,116.6662167,0.914521718,0.956306289,0.968505156,0.031494844,0.000351071,2,3
44,31,2,3,5,180.0562295,54.59532107,2.087882626,-1.155392475,-3.320762035,12,,117.6998644,0.881820882,0.939053184,0.947213979,0.052786021,0.000301361,2,3
44,36,2,3,5,172.6871866,46.91092327,2.088974822,-0.611178886,-2.643532803,12,,117.1628868,0.913728691,0.955891569,0.969339013,0.030660987,0.000333667,7,3
44,41,2,3,5,163.9573973,41.3568759,2.077317367,-0.663697263,-2.876882709,12,,117.7970051,0.922971414,0.960714013,0.977464824,0.022535176,0.00034368,7,3
42,1,2,3,6,168.2241984,46.23846197,2.075724616,-0.942083956,-3.106124549,12,,117.1550785,0.920935886,0.959654045,0.974282178,0.025717822,0.000356555,7,3
42,6,2,3,6,169.1356977,46.81611696,2.076671965,-1.014551924,-3.115141223,12,,118.5367815,0.886451902,0.941515747,0.953593038,0.046406962,0.000308156,7,3
42,11,2,3,6,186.9668959,56.34849638,2.104180002,-1.140083985,-3.315698744,12,,116.7915544,0.85010238,0.922009967,0.932362542,0.067637458,0.000355363,12,3
43,16,2,3,6,176.8022817,51.87616241,2.086022427,-1.22465986,-3.316127506,12,,116.6264811,0.899151819,0.948236162,0.957679771,0.042320229,0.000382304,12,3
43,21,2,3,6,168.6758409,46.19333573,2.077160538,-1.271666066,-3.290726646,12,,116.7582387,0.899596483,0.948470602,0.952545861,0.047454139,0.000404596,12,3
43,26,2,3,6,166.6362463,44.80615107,2.075529757,-1.442704126,-3.391063399,12,,118.1429042,0.847654876,0.920681745,0.917517134,0.082482866,0.000360966,12,3
44,31,2,3,6,167.8188149,45.44626358,2.077245147,-1.431461218,-3.369321995,12,,116.7427815,0.919839061,0.959082406,0.958562173,0.041437827,0.000410914,2,3
44,36,2,3,6,168.9636148,45.06799347,2.082310707,-0.733741543,-2.952089542,12,,116.7871343,0.936834334,0.967902027,0.981498662,0.018501338,0.00033617,2,3
44,41,2,3,6,163.7235018,42.71936074,2.071871889,-0.859807579,-3.122011634,12,,116.8054507,0.919410958,0.958859196,0.97026795,0.02973205,0.000363588,2,3
42,1,2,3,8,172.5126687,45.8802913,2.092203252,-0.668171218,-3.031651096,12,,117.3394377,0.883180474,0.939776821,0.948019347,0.051980653,0.000328183,2,3
42,6,2,3,8,171.4829745,47.02218224,2.084513367,-0.740577317,-2.922865477,12,,116.6465803,0.926136906,0.962360071,0.97649935,0.02350065,0.000311017,7,3
42,11,2,3,8,178.6545729,50.3130617,2.096398496,-1.07027188,-3.361515735,12,,116.5505529,0.916989077,0.957595466,0.972120397,0.027879603,0.000351071,7,3
43,16,2,3,8,175.818083,49.47817702,2.090174628,-0.945469186,-3.339132626,12,,116.9838541,0.896982278,0.947091483,0.96118389,0.03881611,0.00037241,7,3
43,21,2,3,8,182.3916196,51.79144704,2.104333233,-0.960898507,-3.23884451,12,,117.5458245,0.88834681,0.942521517,0.954949488,0.045050512,0.000301838,7,3
43,26,2,3,8,172.2962437,48.36183158,2.082638774,-1.191040241,-3.42620737,12,,117.3207418,0.922501375,0.960469351,0.97147151,0.02852849,0.000319481,12,3
44,31,2,3,8,171.6546936,47.83043514,2.082593716,-1.03306939,-3.344821212,12,,117.0319023,0.917707051,0.957970277,0.97625402,0.02374598,0.000338197,12,3
44,36,2,3,8,167.4699726,41.80588123,2.089474677,-0.506799999,-2.696703483,12,,117.4512019,0.902487745,0.94999355,0.962057458,0.037942542,0.000367999,12,3
44,41,2,3,8,172.2012345,46.67302403,2.088757321,-0.631056518,-2.856172674,12,,118.8246834,0.879112701,0.937610101,0.952728513,0.047271487,0.000301003,12,3
58,1,2,4,4,173.2538478,50.92932713,2.076534496,-1.106254861,-3.332291216,16,,127.4795049,0.800881014,0.894919557,0.829924673,0.170075327,0.001379251,2,4
58,6,2,4,4,185.3379406,57.48653333,2.094646826,-1.143610118,-3.424277701,16,,124.2387409,0.854612372,0.924452471,0.887952477,0.112047523,0.000973105,2,4
58,11,2,4,4,173.3847129,49.08792432,2.080434826,-1.200068902,-3.358432695,16,,122.6296934,0.860921431,0.927858519,0.901272142,0.098727858,0.000775099,2,4
59,16,2,4,4,166.5922391,45.05571127,2.075121248,-0.882804341,-2.961889131,16,,124.375178,0.84456051,0.918999733,0.881260902,0.118739098,0.000776052,2,4
59,21,2,4,4,178.5498744,55.8650651,2.078324065,-1.156826582,-3.398385389,16,,122.8702327,0.793127526,0.890577075,0.8259075,0.1740925,0.001337886,7,4
59,26,2,4,4,174.5917998,52.72082327,2.075576059,-1.251041799,-3.433731073,16,,123.2540054,0.850238549,0.922083808,0.888698441,0.111301559,0.000896454,7,4
60,31,2,4,4,166.7475542,44.6720586,2.076399529,-0.780796662,-2.97089759,16,,122.9486649,0.870473121,0.93299149,0.907485857,0.092514143,0.000729918,7,4
60,36,2,4,4,179.7124977,50.10586072,2.102382098,-0.956025253,-3.117781226,16,,125.904622,0.838570617,0.915735015,0.883600644,0.116399356,0.000753403,7,4
60,41,2,4,4,163.8830824,43.34417024,2.071324608,-0.819887498,-2.862275061,16,,123.4196636,0.789066464,0.888294131,0.815072901,0.184927099,0.00158453,12,4
58,1,2,4,5,167.3209463,45.48020894,2.075175449,-0.676257375,-3.179240427,16,,122.4956907,0.850776805,0.922375631,0.880534155,0.119465845,0.001034021,12,4
58,6,2,4,5,176.2934392,50.06968704,2.088709544,-0.877666311,-3.39068098,16,,122.1676517,0.859907122,0.927311772,0.900543606,0.099456394,0.000825882,12,4
58,11,2,4,5,173.1865138,48.89879727,2.082126526,-1.118421449,-3.417861608,16,,125.9985068,0.82786429,0.90987048,0.877858077,0.122141923,0.000841975,12,4
59,16,2,4,5,174.6414189,49.20955042,2.088449202,-0.756484537,-2.841155829,16,,128.024732,0.774976138,0.88032729,0.817379816,0.182620184,0.001539946,2,4
59,21,2,4,5,168.7497966,47.36613811,2.073941993,-1.162171838,-3.309108719,16,,124.2139986,0.825134675,0.908369239,0.867860728,0.132139272,0.001105905,2,4
59,26,2,4,5,167.8272646,43.50730543,2.08324732,-0.843777392,-3.33958517,16,,122.8655074,0.860819645,0.927803667,0.895769803,0.104230197,0.00084579,2,4
60,31,2,4,5,165.3130761,43.16114392,2.07646178,-0.618918536,-2.879424753,16,,127.7168838,0.84502337,0.919251527,0.880242774,0.119757226,0.000831366,2,4
60,36,2,4,5,167.5517459,46.29266081,2.073141896,-0.808248635,-3.106852119,16,,130.0746633,0.78720261,0.887244391,0.82100815,0.17899185,0.001601338,7,4
60,41,2,4,5,162.3772977,41.47733518,2.071989651,-0.585250799,-2.850815386,16,,124.1880282,0.849221544,0.921532172,0.882325262,0.117674738,0.001048923,7,4
58,1,2,4,6,182.6618678,49.19668824,2.114587517,-0.594478,-3.197533467,16,,123.4787662,0.867415539,0.931351458,0.905015061,0.094984939,0.000842214,7,4
58,6,2,4,6,186.4632974,50.70468277,2.121788393,-1.185918707,-3.442104393,16,,124.8816162,0.847195892,0.920432448,0.883717156,0.116282844,0.00085628,7,4
58,11,2,4,6,184.5793856,50.44598801,2.116404956,-1.380850695,-3.399553148,16,,125.2782852,0.790066267,0.888856719,0.816390742,0.183609258,0.001607895,12,4
59,16,2,4,6,177.6752871,49.97015599,2.096471167,-0.857043737,-2.826224482,16,,125.2288615,0.842064707,0.917640838,0.874647016,0.125352984,0.001104355,12,4
59,21,2,4,6,177.9990241,48.6812594,2.102195527,-1.198138203,-3.262729414,16,,124.3375226,0.863257816,0.929116686,0.896515144,0.103484856,0.000869393,12,4
59,26,2,4,6,179.8352745,48.14043778,2.110625345,-1.377906301,-3.329961136,16,,126.1899832,0.849835287,0.921865113,0.88411136,0.11588864,0.000823975,12,4
60,31,2,4,6,181.0371073,47.03744079,2.117519826,-0.731600839,-2.900149541,16,,127.5837904,0.798727879,0.893715771,0.825608845,0.174391155,0.001685143,2,4
60,36,2,4,6,173.5932486,46.13474443,2.096111385,-1.082352079,-3.065814758,16,,131.6284951,0.836917472,0.914831936,0.8723109,0.1276891,0.001231432,2,4
60,41,2,4,6,174.633886,46.29943162,2.098400871,-0.796569143,-2.830058254,16,,131.0760498,0.843553088,0.918451462,0.884492022,0.115507978,0.000992298,2,4
58,1,2,4,8,184.8836015,49.29031219,2.122638388,-0.782703509,-2.913220317,16,,124.6084415,0.817601779,0.904213348,0.872540568,0.127459432,0.000872374,2,4
58,6,2,4,8,194.8736915,55.95497735,2.131632956,-0.69690285,-3.060664488,16,,124.9320111,0.801203479,0.895099703,0.829557443,0.170442557,0.001780748,7,4
58,11,2,4,8,178.153513,47.95523485,2.104188227,-0.761917021,-2.990050929,16,,119.7723915,0.840607768,0.916846644,0.873919841,0.126080159,0.001441956,7,4
59,16,2,4,8,174.9886288,45.1355805,2.103122077,-0.716278926,-2.744482911,16,,119.5411057,0.862161948,0.928526762,0.893276673,0.106723327,0.001139998,7,4
59,21,2,4,8,179.9164747,50.06318271,2.104198597,-0.76354465,-3.035398162,16,,118.1912986,0.844208029,0.918807939,0.883155912,0.116844088,0.001111329,7,4
59,26,2,4,8,204.5079876,61.62865616,2.142341307,-0.712101046,-3.103817275,16,,126.4999121,0.785806506,0.886457278,0.812216972,0.187783028,0.002104998,12,4
60,31,2,4,8,177.4423243,45.51193044,2.110253682,-0.708468695,-2.65799958,16,,125.2753839,0.834800908,0.913674399,0.865622357,0.134377643,0.001322508,12,4
60,36,2,4,8,185.7004711,51.97839386,2.116145937,-0.692233248,-2.77244261,16,,124.454828,0.841494559,0.917330125,0.869735646,0.130264354,0.001296997,12,4
60,41,2,4,8,173.0934538,44.29188471,2.099865397,-0.703781859,-2.673538376,16,,125.3193463,0.831792489,0.912026583,0.872352497,0.127647503,0.001089454,12,4
13,1,3,1,4,192.7790256,51.26351793,2.140635738,-1.262957525,-3.45920019,1,,122.5130391,0.837148352,0.914958115,0.921301399,0.078698601,0.000401616,2,1
13,6,3,1,4,179.3910943,46.39215636,2.114309091,-0.560237657,-3.131508385,1,,120.8876876,0.86287875,0.928912671,0.936330773,0.063669227,0.000419021,2,1
13,11,3,1,4,196.8290622,61.15845928,2.120344543,-1.043866934,-3.489440245,1,,136.3199748,0.818000967,0.904434059,0.917808007,0.082191993,0.000432968,2,1
14,16,3,1,4,185.2358821,55.06033275,2.103502319,-1.397802848,-3.512238216,1,,124.016831,0.785160652,0.886092914,0.88989258,0.11010742,0.000400782,2,1
14,21,3,1,4,174.5309157,45.95524203,2.099182911,-1.518735454,-3.500279934,1,,125.8455669,0.842387349,0.917816621,0.93278785,0.06721215,0.000361204,7,1
14,26,3,1,4,176.8302932,50.38904291,2.091489641,-1.212999008,-3.416779682,1,,121.0012803,0.858224932,0.926404303,0.935359659,0.064640341,0.000402451,7,1
15,31,3,1,4,174.519261,45.98433445,2.098629486,-1.56582137,-3.522116504,1,,118.5641817,0.890042265,0.943420513,0.954084354,0.045915646,0.00037694,7,1
15,36,3,1,4,175.6438474,48.71748443,2.093610755,-0.660511432,-3.365581177,1,,129.5194231,0.809918637,0.899954797,0.902396983,0.097603017,0.000369787,7,1
15,41,3,1,4,197.256106,55.92556846,2.139473974,-1.278897673,-3.457266668,1,,117.3477386,0.889628788,0.943201351,0.945080436,0.054919564,0.000365376,12,1
13,1,3,1,5,190.2431141,56.01357134,2.11734872,-1.613688009,-3.432748895,1,,123.397165,0.820029792,0.905554964,0.903674512,0.096325488,0.000448465,12,1
13,6,3,1,5,180.186351,49.58823445,2.105803687,-0.844494059,-3.263203653,1,,129.0445883,0.798591593,0.893639521,0.919054786,0.080945214,0.000422478,12,1
13,11,3,1,5,187.394024,54.98626068,2.110095856,-1.460101642,-3.428701205,1,,123.1959898,0.812989488,0.901659297,0.902696226,0.097303774,0.00037086,12,1
14,16,3,1,5,185.3173935,56.47961016,2.098875223,-1.554068503,-3.451226214,1,,119.7356081,0.823913883,0.907697022,0.927076679,0.072923321,0.000363588,2,1
14,21,3,1,5,183.964589,57.47307567,2.09099275,-1.709579595,-3.462041198,1,,121.7655802,0.744552974,0.862874831,0.861863113,0.138136887,0.000467777,2,1
14,26,3,1,5,185.9126367,59.21644334,2.091929134,-1.473688746,-3.433590794,1,,123.5850061,0.756180259,0.869586257,0.88065715,0.11934285,0.000429988,2,1
15,31,3,1,5,174.4433319,46.19190745,2.097605996,-1.774887462,-3.455934437,1,,125.2367481,0.776177527,0.88100938,0.885755651,0.114244349,0.000362515,2,1
15,36,3,1,5,173.5567931,47.88113646,2.08826462,-1.264724858,-3.407022037,1,,123.9556113,0.8499792,0.921943165,0.94013247,0.05986753,0.000347853,7,1
15,41,3,1,5,175.6247373,50.88529858,2.085047517,-1.488161006,-3.394387931,1,,119.4632409,0.851805487,0.922933089,0.939378563,0.060621437,0.000375867,7,1
13,1,3,1,6,184.1421535,53.47476926,2.105590479,-0.849184739,-3.324570884,1,,118.3767801,0.830538578,0.911338893,0.930427408,0.069572592,0.00036931,7,1
13,6,3,1,6,173.4339749,48.30399799,2.086949981,-0.804260837,-3.243082566,1,,126.1097665,0.802690951,0.895930215,0.89229871,0.10770129,0.000372291,7,1
13,11,3,1,6,182.293204,51.00995828,2.107389972,-0.848268671,-3.39349073,1,,127.0776665,0.782611097,0.884653094,0.920592421,0.079407579,0.000357628,12,1
14,16,3,1,6,177.372102,51.5359157,2.08871742,-1.440960352,-3.464447659,1,,118.8464791,0.85039691,0.922169675,0.936408318,0.063591682,0.000380874,12,1
14,21,3,1,6,181.7250046,55.73846399,2.089296814,-1.357029678,-3.453573328,1,,119.377017,0.882955358,0.939657043,0.961945944,0.038054056,0.000354052,12,1
14,26,3,1,6,168.8268693,46.45143901,2.077191614,-1.321990216,-3.433028954,1,,128.7439836,0.781421062,0.883980238,0.881138362,0.118861638,0.000371933,12,1
15,31,3,1,6,175.7756161,50.52139772,2.087445666,-0.909155287,-3.35455022,1,,117.7335042,0.864072413,0.929554954,0.939287702,0.060712298,0.000342727,2,1
15,36,3,1,6,172.2603994,47.31135083,2.086246515,-0.864314483,-3.264629484,1,,118.8836937,0.893018253,0.94499643,0.956590447,0.043409553,0.000367641,2,1
15,41,3,1,6,182.6172534,54.3679111,2.09788533,-1.173670892,-3.359971976,1,,121.7684421,0.891679905,0.944288041,0.964104573,0.035895427,0.000346899,2,1
13,1,3,1,8,182.6147039,54.60646971,2.096928976,-1.053490244,-3.360090379,1,,125.6589546,0.840005396,0.916518083,0.922356099,0.077643901,0.0003407,2,1
13,6,3,1,8,177.1984926,52.80002951,2.084175915,-1.012956317,-3.304283728,1,,118.0948467,0.881651964,0.938963239,0.946265091,0.053734909,0.000345349,7,1
13,11,3,1,8,178.4254415,54.52008915,2.080514658,-1.214071302,-3.47482946,1,,123.7219121,0.783415079,0.885107383,0.906243159,0.093756841,0.000414729,7,1
14,16,3,1,8,184.7020559,57.59242675,2.093293735,-1.047900594,-3.409939885,1,,121.318958,0.852748107,0.923443613,0.936792364,0.063207636,0.000386834,7,1
14,21,3,1,8,178.9837805,53.72469014,2.086946308,-1.263439764,-3.49717837,1,,123.011323,0.802392658,0.895763729,0.903697204,0.096302796,0.000346303,7,1
14,26,3,1,8,184.9775267,57.3757786,2.094930305,-1.247027075,-3.421672586,1,,118.8030279,0.876835202,0.93639479,0.941955798,0.058044202,0.000359893,12,1
15,31,3,1,8,176.7868529,51.88941902,2.085605147,-0.723273097,-3.362350191,1,,117.580357,0.833618932,0.913027345,0.930089052,0.069910948,0.000377893,12,1
15,36,3,1,8,171.3459136,49.3141235,2.075622834,-0.80920933,-3.240192448,1,,118.1473939,0.865321102,0.930226371,0.943972183,0.056027817,0.000367284,12,1
15,41,3,1,8,178.543365,55.15217143,2.080733259,-1.250975281,-3.466111061,1,,123.8724435,0.786234648,0.886698736,0.88660422,0.11339578,0.000361323,12,1
29,1,3,2,4,171.4384521,49.74624249,2.074660517,-1.223198802,-3.429535287,5,,125.5843614,0.849018991,0.921422265,0.880248717,0.119751283,0.004600763,2,2
29,6,3,2,4,168.5257802,46.51117998,2.07601419,-1.295945785,-3.427314232,5,,120.6128636,0.86521314,0.93016834,0.900396428,0.099603572,0.004068494,2,2
30,11,3,2,4,171.5028508,49.75307798,2.073252903,-1.159586487,-3.453573328,5,,119.2775377,0.858281764,0.926434976,0.884525741,0.115474259,0.004942298,2,2
30,16,3,2,4,167.49915,45.67811284,2.07440722,-1.508065975,-3.512406349,5,,127.951378,0.880449571,0.938322744,0.905064938,0.094935062,0.006211638,2,2
31,21,3,2,4,166.5231092,45.24461664,2.072198811,-1.359576496,-3.498644916,5,,122.5282172,0.844448039,0.918938539,0.871767336,0.128232664,0.005114675,7,2
31,26,3,2,4,171.2645287,49.44729226,2.074394406,-1.293352504,-3.461291827,5,,122.9598004,0.87232171,0.933981643,0.906389216,0.093610784,0.004154801,7,2
32,31,3,2,4,166.7118266,46.33493915,2.068999656,-1.232920443,-3.454162403,5,,120.6279001,0.855687013,0.92503352,0.886356764,0.113643236,0.005085468,7,2
32,36,3,2,4,180.0653268,52.3648012,2.090693394,-1.001673656,-3.389029129,5,,123.9359007,0.865624464,0.930389415,0.889851342,0.110148658,0.007075548,7,2
33,41,3,2,4,172.0445547,50.15397954,2.074687055,-1.003880329,-3.360090379,5,,130.1113982,0.852989152,0.923574118,0.881586987,0.118413013,0.004735351,12,2
29,1,3,2,5,168.9873195,48.14653923,2.071646486,-1.269957567,-3.376407546,5,,123.1714205,0.868431374,0.931896654,0.907322907,0.092677093,0.003966689,12,2
29,6,3,2,5,167.1591615,46.39808911,2.071743181,-1.332146821,-3.397350854,5,,120.3256986,0.850371023,0.922155639,0.878004135,0.121995865,0.005597532,12,2
30,11,3,2,5,166.542888,45.72633753,2.070086982,-1.143405617,-3.325666209,5,,127.8315858,0.880331157,0.938259643,0.906619058,0.093380942,0.006588578,12,2
30,16,3,2,5,172.516611,49.57055315,2.077833001,-1.367232243,-3.455785561,5,,128.3536276,0.84033291,0.916696738,0.87310896,0.12689104,0.004328132,2,2
31,21,3,2,5,165.0316884,44.32827467,2.069523608,-1.309343156,-3.437542968,5,,119.7886436,0.859784501,0.927245653,0.893756721,0.106243279,0.003901362,2,2
31,26,3,2,5,169.2929924,47.87898655,2.072795468,-1.237533745,-3.408081008,5,,120.9767635,0.856806611,0.925638488,0.884398656,0.115601344,0.005269885,2,2
32,31,3,2,5,162.2527865,42.51898849,2.066655317,-1.435007379,-3.433731073,5,,126.2949754,0.875915376,0.935903508,0.90098916,0.09901084,0.006535172,2,2
32,36,3,2,5,166.4381728,46.30283983,2.068157407,-1.241012249,-3.399034724,5,,122.3878978,0.835908927,0.914280552,0.866322386,0.133677614,0.0039891,7,2
33,41,3,2,5,173.6764691,50.66191117,2.075979243,-1.01013434,-3.358550679,5,,122.453143,0.865717663,0.9304395,0.898157865,0.101842135,0.003798842,7,2
29,1,3,2,6,167.9802735,46.1677972,2.074929195,-1.283669906,-3.422631153,5,,125.9503631,0.855659089,0.925018426,0.887530047,0.112469953,0.005311608,7,2
29,6,3,2,6,169.9287983,48.71265527,2.072718049,-1.428421732,-3.431908624,5,,128.3311379,0.882600742,0.939468329,0.909635802,0.090364198,0.005846262,7,2
30,11,3,2,6,175.2870689,53.45595943,2.074273562,-1.320628584,-3.43345056,5,,123.7533554,0.837888221,0.915362344,0.868406673,0.131593327,0.004258752,12,2
30,16,3,2,6,167.0131383,46.75541896,2.068720026,-1.481884767,-3.461590917,5,,120.3558634,0.860481774,0.927621568,0.891916624,0.108083376,0.004140615,12,2
31,21,3,2,6,169.8714503,47.40930297,2.074097862,-1.43206963,-3.439674835,5,,119.6398608,0.856291617,0.925360263,0.883859652,0.116140348,0.005369782,12,2
31,26,3,2,6,168.1347219,45.94905176,2.075465087,-1.222067602,-3.413949707,5,,126.5570151,0.871231444,0.933397795,0.895811752,0.104188248,0.00638926,12,2
32,31,3,2,6,168.1182367,47.09256577,2.071168152,-1.305829699,-3.418947376,5,,123.9690566,0.842268363,0.917751798,0.872405766,0.127594234,0.003764629,2,2
32,36,3,2,6,168.595826,47.50048962,2.071416414,-1.184690076,-3.365221549,5,,121.7484443,0.865286794,0.930207931,0.898056169,0.101943831,0.003819108,2,2
33,41,3,2,6,167.4415472,47.09398625,2.06905383,-1.35249916,-3.412742644,5,,123.8186215,0.849560258,0.921715931,0.879907833,0.120092167,0.005340576,2,2
29,1,3,2,8,171.7047928,47.16350409,2.085040147,-1.431131653,-3.499952987,5,,125.1165963,0.862291333,0.928596432,0.887122307,0.112877693,0.005795836,2,2
29,6,3,2,8,172.0434761,48.80926632,2.079559808,-1.093004831,-3.463393586,5,,122.7606922,0.834664391,0.913599689,0.865686977,0.134313023,0.004128575,7,2
30,11,3,2,8,171.2581154,48.11385233,2.079038099,-1.268917269,-3.490239841,5,,120.2495449,0.86949016,0.932464562,0.897774919,0.102225081,0.003660083,7,2
30,16,3,2,8,167.550577,45.66645805,2.074670155,-1.366727385,-3.519369387,5,,120.0754546,0.862074241,0.928479532,0.886895525,0.113104475,0.004734516,7,2
31,21,3,2,8,169.5529177,47.58582336,2.074290009,-1.335872046,-3.52039734,5,,125.4436252,0.875400406,0.935628348,0.899018417,0.100981583,0.006008148,7,2
31,26,3,2,8,173.653492,50.12933999,2.078689552,-0.99809653,-3.418404153,5,,132.6001221,0.85331899,0.923752667,0.882933722,0.117066278,0.004523873,12,2
32,31,3,2,8,170.8332455,48.95416569,2.074086704,-1.082229352,-3.441388617,5,,120.8856911,0.868079981,0.931708099,0.894931235,0.105068765,0.003823042,12,2
32,36,3,2,8,170.5741713,47.02147683,2.079732029,-0.92828986,-3.376777595,5,,118.6022247,0.859058846,0.926854274,0.881837994,0.118162006,0.004854321,12,2
33,41,3,2,8,175.1375787,52.9080624,2.074299608,-1.05690715,-3.432327969,5,,128.0698653,0.874246274,0.935011376,0.898874514,0.101125486,0.006219983,12,2
46,1,3,3,4,175.1030354,49.33285002,2.088182313,-1.104032988,-3.396188994,9,,122.2571919,0.8264449,0.90909015,0.917077468,0.082922532,0.000418067,4,3
46,6,3,3,4,181.5358687,51.80658126,2.099837921,-1.172552212,-3.442247449,9,,121.272123,0.806799181,0.898220007,0.886016246,0.113983754,0.000587106,4,3
46,11,3,3,4,164.8980114,44.41199408,2.069474725,-1.260272919,-3.437259983,9,,124.1319683,0.816665992,0.903695741,0.889065964,0.110934036,0.000713468,4,3
47,16,3,3,4,174.7882742,50.59468445,2.078223324,-1.137133561,-3.439390459,9,,123.1648998,0.754821366,0.868804561,0.832726159,0.167273841,0.000743747,4,3
47,21,3,3,4,179.3729819,51.63084516,2.093266191,-1.22280866,-3.458604247,9,,117.5771636,0.870544569,0.933029779,0.936993016,0.063006984,0.000396132,9,3
47,26,3,3,4,184.7943128,53.49339765,2.104069231,-1.100138045,-3.446568486,9,,119.7403413,0.830315133,0.911216293,0.907302451,0.092697549,0.000518441,9,3
48,31,3,3,4,167.4039227,46.50272101,2.07090007,-1.216723328,-3.465051681,9,,121.9792632,0.85107397,0.922536704,0.916297761,0.083702239,0.000616908,9,3
48,36,3,3,4,168.8020006,47.49379523,2.072230947,-1.269743482,-3.461741797,9,,120.0816896,0.80356278,0.896416633,0.871759909,0.128240091,0.000621915,9,3
48,41,3,3,4,168.7643598,46.71125701,2.07482751,-1.236241155,-3.4438266,9,,117.7294454,0.856127592,0.925271631,0.942196711,0.057803289,0.000363708,14,3
46,1,3,3,5,175.3372783,51.09926767,2.08238207,-1.196070423,-3.377764211,9,,117.184694,0.825148361,0.908376773,0.907074724,0.092925276,0.000485778,14,3
46,6,3,3,5,176.1296525,51.83170344,2.082789966,-1.189496361,-3.395286989,9,,118.5516461,0.851042692,0.922519752,0.919118286,0.080881714,0.000558496,14,3
46,11,3,3,5,176.3655044,49.5335376,2.091305182,-1.016258782,-3.348271445,9,,118.7188073,0.800959279,0.894963284,0.888152868,0.111847132,0.00050652,14,3
47,16,3,3,5,179.3554919,53.74795323,2.085524542,-0.859690335,-3.329961136,9,,117.9933134,0.787743607,0.887549214,0.91021953,0.08978047,0.000386238,4,3
47,21,3,3,5,171.419055,48.69704404,2.077234292,-1.217373773,-3.424965802,9,,117.7594444,0.808921779,0.899400789,0.903612093,0.096387907,0.000498533,4,3
47,26,3,3,5,174.5061044,52.43291668,2.07498632,-1.196599688,-3.419218673,9,,117.9577761,0.850004585,0.921956932,0.91807458,0.08192542,0.000533462,4,3
48,31,3,3,5,171.1703889,49.02120277,2.07512229,-1.362414686,-3.434576061,9,,118.3841896,0.816575312,0.903645568,0.885364753,0.114635247,0.000531077,4,3
48,36,3,3,5,180.5087402,52.99184362,2.092446623,-1.027997034,-3.382235595,9,,119.174308,0.843696046,0.918529284,0.917849566,0.082150434,0.000433207,9,3
48,41,3,3,5,170.8349218,49.49641174,2.070334774,-1.155454809,-3.422631153,9,,118.0642911,0.809964911,0.899980506,0.89869113,0.10130887,0.000525236,9,3
46,1,3,3,6,195.7836588,55.28336649,2.134559497,-1.085170489,-3.3635442,9,,118.6651857,0.794436454,0.891311648,0.890730278,0.109269722,0.000556827,9,3
46,6,3,3,6,169.9125589,48.04118936,2.073953508,-1.338039301,-3.423727774,9,,123.9440496,0.777334045,0.881665495,0.87524083,0.12475917,0.000501752,9,3
46,11,3,3,6,189.6556463,55.98425561,2.110739796,-1.091808824,-3.374195901,9,,119.5221247,0.841977329,0.917593226,0.921306221,0.078693779,0.00041008,14,3
47,16,3,3,6,181.4114965,54.23485682,2.091965783,-0.923203595,-3.366543664,9,,118.0123273,0.862495542,0.928706381,0.927274209,0.072725791,0.000470877,14,3
47,21,3,3,6,170.8704141,49.0352077,2.073266523,-1.157561816,-3.432608933,9,,118.3945591,0.866711963,0.930973664,0.931008611,0.068991389,0.00047791,14,3
47,26,3,3,6,171.2526624,48.45464782,2.076920723,-1.419599047,-3.450932948,9,,119.1532025,0.812307352,0.901280951,0.884984183,0.115015817,0.000472188,14,3
48,31,3,3,6,176.9469755,51.78014277,2.08553475,-1.444960876,-3.459796952,9,,117.7536402,0.849175672,0.921507283,0.923259447,0.076740553,0.000437617,4,3
48,36,3,3,6,170.6754024,45.98483275,2.083928672,-1.199230452,-3.412475361,9,,118.5821836,0.843889525,0.918634598,0.90656626,0.09343374,0.000552893,4,3
48,41,3,3,6,169.5422111,48.16208924,2.072424146,-1.251596299,-3.43499799,9,,123.0787602,0.845021782,0.919250663,0.925625456,0.074374544,0.000490189,4,3
46,1,3,3,8,183.8726087,55.64445238,2.09348063,-0.958183413,-3.397091792,9,,119.7789208,0.829399006,0.91071346,0.895657115,0.104342885,0.000528932,4,3
46,6,3,3,8,190.2307116,57.33733409,2.112334901,-1.010536758,-3.432048361,9,,117.713963,0.877096396,0.936534247,0.942473472,0.057526528,0.000417233,9,3
46,11,3,3,8,181.7109264,55.15904271,2.090596571,-1.011870315,-3.430790006,9,,117.3650222,0.827617778,0.909735004,0.874952034,0.125047966,0.000824571,9,3
47,16,3,3,8,185.2062012,56.37076494,2.097731782,-0.942165273,-3.440674019,9,,117.4062216,0.880791407,0.938504879,0.948184551,0.051815449,0.000483155,9,3
47,21,3,3,8,183.8950661,54.47790947,2.100748722,-0.967779095,-3.429117463,9,,118.2112397,0.821086484,0.906138226,0.892429768,0.107570232,0.000607491,9,3
47,26,3,3,8,189.6829759,57.4125391,2.109726943,-0.924958289,-3.429535287,9,,118.9440114,0.852508123,0.923313664,0.917753875,0.082246125,0.000491142,14,3
48,31,3,3,8,183.2914051,54.36463705,2.099193442,-1.109892653,-3.467627866,9,,117.6819242,0.794096618,0.89112099,0.841116565,0.158883435,0.001055479,14,3
48,36,3,3,8,179.0260515,52.49295616,2.089945089,-1.016361104,-3.460543746,9,,118.2970311,0.85790516,0.926231699,0.924584915,0.075415085,0.000551701,14,3
48,41,3,3,8,181.163298,53.82603802,2.092974705,-0.945403107,-3.442104393,9,,119.2195146,0.840138338,0.916590605,0.90313718,0.09686282,0.000612617,14,3
62,1,3,4,4,158.2745578,38.3169763,2.067056681,-1.216723235,-3.518514374,13,,121.4773075,0.719587198,0.848284857,0.770062054,0.229937946,0.001711845,2,4
62,6,3,4,4,156.141199,36.89674991,2.066428497,-1.241323583,-3.506051466,13,,121.9149259,0.765185325,0.874748721,0.82031477,0.17968523,0.001304507,2,4
62,11,3,4,4,155.1848227,35.36675354,2.066292451,-1.829385212,-3.570351059,13,,119.0486887,0.832819239,0.912589305,0.885734258,0.114265742,0.000783205,2,4
63,16,3,4,4,164.6191596,43.26335683,2.071177099,-1.423732256,-3.558201212,13,,123.6525998,0.725286359,0.851637457,0.785301613,0.214698387,0.000929713,2,4
63,21,3,4,4,154.0318952,34.63730488,2.066820492,-1.821407473,-3.575579025,13,,125.6847495,0.742639199,0.861765165,0.790369777,0.209630223,0.00158155,7,4
63,26,3,4,4,157.4665654,38.04318242,2.065359206,-1.743673512,-3.570351059,13,,121.3174554,0.810196955,0.900109413,0.858166498,0.141833502,0.001230121,7,4
64,31,3,4,4,158.2255557,40.47923948,2.062222346,-0.771013747,-3.160411979,13,,119.3086592,0.852239312,0.923168084,0.90329519,0.09670481,0.000767112,7,4
64,36,3,4,4,155.4124635,35.84461415,2.066329987,-1.173309966,-3.324134625,13,,121.4824011,0.774116159,0.879838712,0.81827165,0.18172835,0.001194358,7,4
64,41,3,4,4,155.2077722,35.43310614,2.067159364,-1.085574673,-3.262350237,13,,125.2583895,0.830041447,0.911066105,0.886954664,0.113045336,0.000692844,12,4
62,1,3,4,5,169.8637338,46.06267912,2.080532799,-1.123754255,-3.407287092,13,,123.3151937,0.839427232,0.916202615,0.904626717,0.095373283,0.00060606,12,4
62,6,3,4,5,163.8958585,43.73986432,2.069721228,-1.086677586,-3.346198211,13,,127.1100829,0.835734306,0.91418505,0.927570412,0.072429588,0.000483394,12,4
62,11,3,4,5,163.7588052,43.53351871,2.068110152,-1.071145549,-3.435138725,13,,124.8528602,0.834302999,0.913401883,0.914939463,0.085060537,0.000434995,12,4
63,16,3,4,5,164.7141733,43.58989964,2.068937948,-0.994135035,-3.394901913,13,,135.8668587,0.841012102,0.91706712,0.900579563,0.099420437,0.000628114,2,4
63,21,3,4,5,165.6672815,45.46003616,2.069530262,-1.152541259,-3.425792734,13,,121.3510314,0.849918835,0.921910427,0.915960494,0.084039506,0.000549793,2,4
63,26,3,4,5,161.8674415,42.11648948,2.06622227,-1.298847323,-3.468540243,13,,121.905255,0.873267035,0.934487579,0.940387115,0.059612885,0.000482917,2,4
64,31,3,4,5,161.4966962,41.83898472,2.067192344,-0.701497097,-3.191054792,13,,123.0763556,0.780870174,0.883668588,0.886621472,0.113378528,0.000458002,2,4
64,36,3,4,5,162.4171566,42.69924739,2.066785576,-0.902263502,-3.294279936,13,,123.6303721,0.837996048,0.915421241,0.894585782,0.105414218,0.000718713,8,4
64,41,3,4,5,162.8830041,42.79509805,2.067517833,-1.110906501,-3.314843386,13,,119.3867725,0.855838204,0.925115238,0.918178324,0.081821676,0.000588775,8,4
62,1,3,4,6,164.496262,44.42750791,2.067084224,-1.568228657,-3.472671761,13,,119.4429546,0.893067281,0.945022371,0.946502445,0.053497555,0.000512004,8,4
62,6,3,4,6,161.3257855,41.91527835,2.067172691,-1.603183957,-3.449327792,13,,127.1549386,0.795763678,0.892055872,0.890578795,0.109421205,0.000576973,8,4
62,11,3,4,6,171.6600566,50.07060447,2.072993091,-1.284633021,-3.45108017,13,,118.8193324,0.862461154,0.928687867,0.912643032,0.087356968,0.000536442,13,4
63,16,3,4,6,162.0654946,41.68673926,2.06785003,-1.622368441,-3.471290217,13,,118.893917,0.847276878,0.920476441,0.926314671,0.073685329,0.000479102,13,4
63,21,3,4,6,168.1821337,47.38083303,2.071604652,-1.380177146,-3.479333094,13,,118.9952859,0.906790559,0.952255511,0.963917562,0.036082438,0.000406384,13,4
63,26,3,4,6,166.5555927,46.74973677,2.066737147,-1.743757906,-3.517149275,13,,120.9591633,0.852144983,0.923116993,0.935589042,0.064410958,0.000374794,13,4
64,31,3,4,6,227.7887828,55.73286586,2.222956463,-0.400820908,-3.11581659,13,,124.6491522,0.787252579,0.887272551,0.869816064,0.130183936,0.000618815,3,4
64,36,3,4,6,161.2820913,40.50025273,2.070712496,-1.371002952,-3.378630511,13,,122.4285274,0.859593822,0.927142827,0.930079017,0.069920983,0.000477791,3,4
64,41,3,4,6,165.735737,43.5146989,2.076010644,-1.139178866,-3.32511866,13,,119.4662267,0.909872832,0.953872545,0.962971273,0.037028727,0.000427246,3,4
62,1,3,4,8,175.1489352,52.36042853,2.077041571,-1.058680231,-3.539336649,13,,120.9466143,0.829956247,0.911019345,0.907331825,0.092668175,0.000452042,3,4
62,6,3,4,8,170.0307151,49.52294938,2.070244636,-1.224038909,-3.537904616,13,,136.0049682,0.672886518,0.820296604,0.721750688,0.278249312,0.002316833,8,4
62,11,3,4,8,165.430554,45.02151633,2.069594292,-1.323892901,-3.574995929,13,,122.7368074,0.706719268,0.840665967,0.755194532,0.244805468,0.002272308,8,4
63,16,3,4,8,169.9529465,47.90083542,2.071358301,-1.200750297,-3.548391616,13,,120.8678249,0.761266616,0.87250594,0.815388625,0.184611375,0.001116633,8,4
63,21,3,4,8,166.6119438,46.01103474,2.070519669,-1.368533807,-3.56083,13,,122.8781536,0.635564709,0.797223124,0.688685033,0.311314967,0.002010465,8,4
63,26,3,4,8,161.8808004,41.75431286,2.067532881,-1.302219201,-3.545655247,13,,127.7379688,0.673099787,0.820426588,0.738192488,0.261807512,0.001228929,13,4
64,31,3,4,8,173.1681472,49.04586381,2.082733877,-0.679492193,-3.243716947,13,,119.4860947,0.724747765,0.851321188,0.783078431,0.216921569,0.001327753,13,4
64,36,3,4,8,166.8591064,46.55994631,2.068868299,-0.804815702,-3.376530516,13,,117.9972509,0.800775335,0.894860511,0.8619004,0.1380996,0.000755072,13,4
64,41,3,4,8,168.2489394,47.38637549,2.070417619,-0.73356163,-3.186218922,13,,122.6753543,0.711976472,0.843786983,0.766146711,0.233853289,0.001392603,13,4
1,1,4,1,4,169.9619613,45.15677749,2.085796115,-1.096678916,-3.34505089,2,,116.696191,0.845272781,0.919387177,0.939287689,0.060712311,0.00030303,2,1
1,6,4,1,4,180.4156576,47.1200696,2.114125376,-1.272817908,-3.376530516,2,,120.3740297,0.838255361,0.915562866,0.924795168,0.075204832,0.000391483,2,1
1,11,4,1,4,176.0946264,44.5411837,2.1090396,-1.271923508,-3.354784119,2,,116.7035921,0.906433222,0.952067866,0.972974649,0.027025351,0.000336766,2,1
2,16,4,1,4,176.3321489,49.89331752,2.091479794,-1.099180185,-3.291738909,2,,119.4102399,0.793939407,0.891032775,0.912638563,0.087361437,0.000288844,2,1
2,21,4,1,4,178.7487907,48.6792746,2.103518353,-1.148870699,-3.321087566,2,,116.5275182,0.863503025,0.929248635,0.942631114,0.057368886,0.000311852,7,1
2,26,4,1,4,176.0207567,50.09179241,2.089393042,-1.095065372,-3.328855864,2,,117.4143635,0.837955461,0.915399072,0.918092737,0.081907263,0.000450611,7,1
3,31,4,1,4,171.9261882,46.0927508,2.089350483,-1.082699224,-3.350933981,2,,116.7273674,0.907662136,0.95271304,0.975064617,0.024935383,0.000355363,7,1
3,36,4,1,4,166.1237984,43.36514215,2.0790089,-1.232188681,-3.381362082,2,,117.5559556,0.851371144,0.922697753,0.94030182,0.05969818,0.000289798,7,1
3,41,4,1,4,169.4036528,46.4344155,2.079340739,-1.257726699,-3.431908624,2,,116.4910209,0.925784736,0.962177081,0.985187963,0.014812037,0.000268936,12,1
1,1,4,1,5,168.7048888,45.17504686,2.082009811,-1.335002828,-3.295403402,2,,116.9796054,0.816758388,0.903746861,0.915110407,0.084889593,0.000367165,12,1
1,6,4,1,5,168.3776754,44.9411627,2.080968334,-1.656806066,-3.37321735,2,,118.3022735,0.849618713,0.921747641,0.948076139,0.051923861,0.000353932,12,1
1,11,4,1,5,178.0453255,48.47183182,2.103156064,-1.504959389,-3.298685931,2,,117.3800505,0.862366984,0.928637165,0.952564105,0.047435895,0.000266075,12,1
2,16,4,1,5,174.3089424,49.39600755,2.086574206,-1.549080917,-3.310906121,2,,117.8086281,0.828981658,0.910484299,0.962306389,0.037693611,0.000276566,2,1
2,21,4,1,5,176.060073,51.25441206,2.0840792,-1.425861747,-3.332069119,2,,117.2027895,0.804787953,0.897099745,0.898640382,0.101359618,0.000402808,2,1
2,26,4,1,5,177.9673131,49.60337392,2.099232904,-1.63239079,-3.338116357,2,,116.909561,0.917225111,0.957718701,0.976142136,0.023857864,0.000337839,2,1
3,31,4,1,5,174.0695884,48.20658121,2.089943999,-1.532476912,-3.340604886,2,,117.8577922,0.835602535,0.914112977,0.937013177,0.062986823,0.000282884,2,1
3,36,4,1,5,175.0767224,48.72004055,2.091456819,-1.437926766,-3.344020694,2,,116.6327436,0.921208075,0.959795851,0.98491336,0.01508664,0.000265718,7,1
3,41,4,1,5,172.5873064,47.37083868,2.087928961,-1.551546788,-3.347118641,2,,117.3627458,0.842894623,0.918092927,0.929618464,0.070381536,0.000375152,7,1
1,1,4,1,6,169.9207829,46.73140434,2.079799787,-1.30947918,-3.321195827,2,,117.9246652,0.845079217,0.919281903,0.958330062,0.041669938,0.00033164,7,1
1,6,4,1,6,175.0708683,49.82306838,2.086700554,-1.258577536,-3.340604886,2,,117.6304257,0.875083307,0.935458875,0.95719779,0.04280221,0.000274897,7,1
1,11,4,1,6,173.47933,48.5165581,2.086245992,-1.440899865,-3.332959122,2,,116.2409647,0.919411705,0.958859586,0.981956263,0.018043737,0.000268936,12,1
2,16,4,1,6,165.6338635,41.14344612,2.08506322,-1.550356677,-3.329850668,2,,116.4721977,0.870111604,0.932797729,0.949748078,0.050251922,0.000339985,12,1
2,21,4,1,6,167.0208649,44.30375571,2.078338587,-1.438102738,-3.317846798,2,,116.6103628,0.914794205,0.956448747,0.981959769,0.018040231,0.000303984,12,1
2,26,4,1,6,173.1415958,43.36714833,2.103416391,-1.584807289,-3.354198625,2,,116.8242176,0.870915668,0.933228626,0.950136725,0.049863275,0.000284672,12,1
3,31,4,1,6,163.9815701,41.80344126,2.076673594,-1.626963873,-3.396188994,2,,115.4043942,0.790136092,0.888895996,0.830571583,0.169428417,0.000691175,2,1
3,36,4,1,6,169.1538921,45.25115491,2.082527762,-1.433628394,-3.333516652,2,,116.7326499,0.723230417,0.850429549,0.80116039,0.19883961,0.000644088,2,1
3,41,4,1,6,170.7504616,44.12858984,2.092361012,-1.467383012,-3.347348571,2,,167.0923101,0.479890842,0.692741541,0.602644625,0.397355375,0.00076592,2,1
1,1,4,1,8,178.8559022,50.55993076,2.097944893,-1.024856829,-3.178771509,2,,120.9856542,0.698351941,0.835674543,0.790825949,0.209174051,0.000570536,2,1
1,6,4,1,8,177.9066953,49.5799383,2.097755372,-0.992649378,-3.152690835,2,,116.5010896,0.896756969,0.946972528,0.932905019,0.067094981,0.000474095,7,1
1,11,4,1,8,168.9487991,43.52256689,2.088209792,-1.216584483,-3.298583138,2,,116.6233671,0.743494953,0.862261534,0.874761892,0.125238108,0.000507832,7,1
2,16,4,1,8,175.2515814,47.09654249,2.097426384,-0.966894063,-3.110709505,2,,117.6826653,0.8983582,0.947817598,0.957440448,0.042559552,0.000418186,7,1
2,21,4,1,8,175.0661998,47.51594639,2.095960699,-0.954020227,-3.141145318,2,,117.1839949,0.720430675,0.848781877,0.843258392,0.156741608,0.000420213,7,1
2,26,4,1,8,168.72749,45.26973185,2.081299755,-1.344986203,-3.398126795,2,,116.7237856,0.875619029,0.935745173,0.917884465,0.082115535,0.000546575,12,1
3,31,4,1,8,180.6392887,54.56041991,2.087564447,-1.117415001,-3.390553938,2,,116.8201698,0.856012832,0.925209615,0.922537145,0.077462855,0.000484347,12,1
3,36,4,1,8,182.741475,52.13990845,2.10486742,-1.11750275,-3.208439168,2,,119.1271204,0.853777926,0.924001042,0.927419303,0.072580697,0.000473022,12,1
3,41,4,1,8,178.8925466,53.37188679,2.088328717,-1.034070367,-3.34505089,2,,117.6027885,0.725728093,0.851896762,0.815312131,0.184687869,0.0006513,12,1
17,1,4,2,4,165.2513326,45.466255,2.067550065,-1.142786655,-3.345394191,6,,126.3659385,0.875219741,0.935531796,0.913290245,0.086709755,0.001076102,2,2
17,6,4,2,4,163.147178,43.55567633,2.066381654,-1.297144365,-3.418811792,6,,125.972386,0.87093541,0.933239203,0.901140526,0.098859474,0.002746582,2,2
17,11,4,2,4,170.9934991,51.1297519,2.067492159,-1.130550853,-3.389663549,6,,125.4291171,0.833482664,0.912952717,0.862356565,0.137643435,0.003737211,2,2
18,16,4,2,4,169.4098703,48.08479387,2.06988199,-1.214045359,-3.389918217,6,,124.7320864,0.841973063,0.917590902,0.870340609,0.129659391,0.003018022,2,2
18,21,4,2,4,167.3661226,47.65405134,2.067768511,-1.228346564,-3.38864956,6,,124.8390469,0.879816471,0.937985326,0.91458027,0.08541973,0.000840306,7,2
18,26,4,2,4,167.2948538,47.20595748,2.068185089,-1.08610957,-3.344364141,6,,128.7439993,0.850908918,0.922447244,0.880327836,0.119672164,0.003206372,7,2
19,31,4,2,4,165.4904655,45.72756707,2.067358958,-1.194095836,-3.387763063,6,,122.9656225,0.830870542,0.911521005,0.861798545,0.138201455,0.00374639,7,2
19,36,4,2,4,160.9056482,40.96910405,2.068006803,-1.249720407,-3.370049399,6,,123.416186,0.83497668,0.913770584,0.866606094,0.133393906,0.003248453,7,2
19,41,4,2,4,165.6698059,45.98861889,2.067029328,-1.088250093,-3.31409532,6,,126.1732646,0.875577204,0.935722824,0.908477574,0.091522426,0.001045108,12,2
17,1,4,2,5,166.9728937,47.00408592,2.068337535,-1.303048389,-3.353730602,6,,124.5175016,0.871993389,0.933805863,0.897303592,0.102696408,0.002731919,12,2
17,6,4,2,5,163.4208788,43.50720581,2.067354572,-1.379644635,-3.371143306,6,,123.1457387,0.842381942,0.917813675,0.874035111,0.125964889,0.003594875,12,2
17,11,4,2,5,167.1089884,46.93598433,2.069108723,-1.381589142,-3.375422973,6,,123.6203793,0.830132354,0.911115994,0.858875186,0.141124814,0.003175855,12,2
18,16,4,2,5,162.8507617,42.28663311,2.07113432,-1.226518238,-3.281323964,6,,123.8282005,0.872633635,0.934148615,0.904056425,0.095943575,0.001031876,2,2
18,21,4,2,5,166.402548,46.06985119,2.070825928,-1.323106478,-3.304596258,6,,124.8295645,0.865910238,0.93054298,0.893242867,0.106757133,0.002703667,2,2
18,26,4,2,5,167.2137612,47.13431032,2.068679398,-1.103987165,-3.274939831,6,,122.8995586,0.83114701,0.911672644,0.862014889,0.137985111,0.003363967,2,2
19,31,4,2,5,163.0037283,43.42548178,2.067258074,-1.15958492,-3.307845156,6,,123.1969679,0.834876928,0.913716,0.865075936,0.134924064,0.003197074,2,2
19,36,4,2,5,159.5797356,39.91546411,2.066834508,-1.268637852,-3.305851269,6,,125.6119927,0.861874895,0.928372175,0.893478225,0.106521775,0.00124824,7,2
19,41,4,2,5,165.5200155,45.71116247,2.068847498,-1.230943483,-3.299820867,6,,129.0796258,0.862239373,0.928568454,0.896398405,0.103601595,0.003446341,7,2
17,1,4,2,6,165.1306084,44.82378846,2.06948299,-1.180333972,-3.300440624,6,,123.0039617,0.829858222,0.910965544,0.863304967,0.136695033,0.003820658,7,2
17,6,4,2,6,162.0120738,41.88782206,2.06818238,-1.075908954,-3.22820828,6,,122.2741141,0.827600662,0.909725597,0.85762054,0.14237946,0.00395453,7,2
17,11,4,2,6,165.2785925,45.0888921,2.06844456,-1.142950424,-3.266634187,6,,122.4628861,0.877970232,0.937000657,0.907855861,0.092144139,0.00109756,12,2
18,16,4,2,6,167.2010823,46.70498193,2.070364247,-1.098879372,-3.254094127,6,,121.9308753,0.873267282,0.934487711,0.899861438,0.100138562,0.002368331,12,2
18,21,4,2,6,168.0205534,47.07405745,2.072470152,-1.173431167,-3.266347005,6,,122.9499817,0.827157454,0.90948197,0.864932016,0.135067984,0.003195405,12,2
18,26,4,2,6,172.6140205,51.13322803,2.072822745,-1.049608013,-3.240372943,6,,122.6609101,0.831741842,0.911998817,0.863162897,0.136837103,0.003363371,12,2
19,31,4,2,6,163.4095254,43.53902477,2.067937124,-0.992258549,-3.198513281,6,,124.9537419,0.857195676,0.925848625,0.896036184,0.103963816,0.001078963,2,2
19,36,4,2,6,165.4039719,44.17487946,2.070312885,-1.187197015,-3.273188059,6,,127.4151676,0.859378268,0.927026574,0.890202471,0.109797529,0.00270772,2,2
19,41,4,2,6,169.9335803,49.0078528,2.072309807,-1.067337602,-3.220312619,6,,122.5852367,0.837106647,0.914935324,0.869286963,0.130713037,0.003813744,2,2
17,1,4,2,8,164.7023783,43.52119561,2.071969636,-0.885169316,-3.195741954,6,,122.7746726,0.830617643,0.911382271,0.859925103,0.140074897,0.003798366,2,2
17,6,4,2,8,170.3640641,49.18674937,2.071580285,-0.840533587,-3.205935998,6,,123.2448564,0.849004696,0.921414508,0.883404026,0.116595974,0.001208067,7,2
17,11,4,2,8,167.6990662,46.77183732,2.071105526,-0.859179377,-3.208941256,6,,123.7861454,0.857654193,0.926096212,0.88330799,0.11669201,0.003103614,7,2
18,16,4,2,8,168.3120708,47.62133767,2.071392006,-0.858570412,-3.213911169,6,,123.6381736,0.827392357,0.909611102,0.859727827,0.140272173,0.004342437,7,2
18,21,4,2,8,181.3507292,53.28361879,2.095012088,-0.838232882,-3.230402628,6,,125.9347531,0.831678088,0.911963863,0.865729838,0.134270162,0.003269553,7,2
18,26,4,2,8,165.3220434,45.29374196,2.068114635,-0.862209493,-3.200809067,6,,123.0629276,0.857699723,0.926120793,0.891640273,0.108359727,0.001250505,12,2
19,31,4,2,8,166.7065648,45.40341029,2.070467636,-0.919206043,-3.19387771,6,,122.5033964,0.867605847,0.93145362,0.896347042,0.103652958,0.002800465,12,2
19,36,4,2,8,169.7534818,49.13511309,2.069496927,-0.830532469,-3.14064431,6,,122.8233162,0.832676802,0.912511261,0.867526336,0.132473664,0.003526568,12,2
19,41,4,2,8,169.1058193,48.9413039,2.069145571,-0.848394202,-3.157649168,6,,123.2170721,0.83901973,0.915980202,0.870732982,0.129267018,0.003565669,12,2
34,1,4,3,4,177.7465196,48.91710095,2.098935562,-0.921719825,-2.337170138,10,,116.9652378,0.952716246,0.976071845,0.990927978,0.009072022,0.000280976,2,3
34,6,4,3,4,175.5079312,49.87873891,2.088236115,-0.892001335,-2.291181957,10,,119.4671283,0.906750137,0.952234287,0.972660888,0.027339112,0.000354767,2,3
34,11,4,3,4,181.1871217,47.63511715,2.114315344,-0.926600568,-2.324647824,10,,117.9430941,0.893806134,0.945413208,0.969808862,0.030191138,0.000344276,2,3
35,16,4,3,4,179.9831377,48.58570637,2.108408147,-0.896569043,-2.363699503,10,,120.3874211,0.886331595,0.941451855,0.953553998,0.046446002,0.000314116,2,3
35,21,4,3,4,173.5456841,47.97875612,2.087738475,-0.873941315,-2.399125077,10,,116.6476207,0.953354796,0.976398892,0.990888943,0.009111057,0.000274539,7,3
35,26,4,3,4,177.1777833,50.66943597,2.092556983,-0.880766133,-2.370717649,10,,116.8790876,0.93071712,0.964736814,0.983563371,0.016436629,0.000328898,7,3
36,31,4,3,4,174.8762324,48.10920361,2.093313296,-0.894168951,-2.424277817,10,,116.7393405,0.933972704,0.966422632,0.984001302,0.015998698,0.000326157,7,3
36,36,4,3,4,173.6230403,47.94997116,2.089059329,-0.871881876,-2.384199822,10,,117.6809973,0.873357556,0.934536011,0.955711315,0.044288685,0.000297546,7,3
36,41,4,3,4,179.2042859,43.74168995,2.122543924,-0.931568189,-2.344489596,10,,117.4178662,0.944948407,0.972084568,0.990472307,0.009527693,0.000274062,12,3
34,1,4,3,5,181.2617348,57.30817975,2.081393629,-1.001725087,-2.39056632,10,,124.1863873,0.891226322,0.944047839,0.966756878,0.033243122,0.000355959,12,3
34,6,4,3,5,186.1147908,59.11341052,2.08976315,-1.028674117,-2.381449773,10,,125.6953343,0.897636815,0.947436972,0.967246288,0.032753712,0.000361681,12,3
34,11,4,3,5,185.2324324,58.22071038,2.09050995,-1.033027597,-2.401571848,10,,121.6104562,0.864968299,0.930036719,0.934593201,0.065406799,0.000375509,12,3
35,16,4,3,5,179.8947261,56.74022541,2.078415647,-0.973698534,-2.40878375,10,,116.693057,0.943741288,0.971463477,0.987622472,0.012377528,0.000282168,2,3
35,21,4,3,5,184.7114119,57.6083125,2.087969937,-0.992072505,-2.420348769,10,,118.3046671,0.924787309,0.961658624,0.977992535,0.022007465,0.000342131,2,3
35,26,4,3,5,181.3630854,57.63744501,2.080467253,-0.966241099,-2.382935149,10,,121.0002995,0.900756365,0.949081854,0.972227556,0.027772444,0.000347018,2,3
36,31,4,3,5,180.521786,55.46638441,2.085463421,-0.99163905,-2.41803806,10,,119.4630728,0.89117067,0.944018363,0.953333291,0.046666709,0.000323892,2,3
36,36,4,3,5,175.4229796,52.06692581,2.080083441,-0.990442537,-2.436509066,10,,116.5873378,0.956148412,0.977828416,0.990222289,0.009777711,0.000274897,7,3
36,41,4,3,5,176.9567547,52.76258836,2.082374898,-0.978526372,-2.417590931,10,,116.6438989,0.94149422,0.970306251,0.985522403,0.014477597,0.000325561,7,3
34,1,4,3,6,177.779172,55.23400834,2.076558665,-0.937514816,-2.306071072,10,,116.6911008,0.91959248,0.958953847,0.980069361,0.019930639,0.000330687,7,3
34,6,4,3,6,181.06956,56.67981806,2.081447768,-0.944456408,-2.293669074,10,,116.8026589,0.874336022,0.935059368,0.949461543,0.050538457,0.000298738,7,3
34,11,4,3,6,177.126255,53.35482277,2.080358392,-0.913654889,-2.252003415,10,,116.500367,0.961827828,0.980728213,0.991258688,0.008741312,0.000273466,12,3
35,16,4,3,6,177.1190087,52.97182497,2.082701962,-0.937037117,-2.278198862,10,,118.6786909,0.934971372,0.966939177,0.982636939,0.017363061,0.000332236,12,3
35,21,4,3,6,184.6318332,55.25239652,2.100199424,-0.948963486,-2.274773984,10,,116.543646,0.918499395,0.958383741,0.97440572,0.02559428,0.000340819,12,3
35,26,4,3,6,176.8843988,54.0730838,2.077875899,-0.935016877,-2.270043345,10,,118.5926671,0.884679924,0.940574252,0.949399783,0.050600217,0.000322223,12,3
36,31,4,3,6,182.4280817,55.33910806,2.092785965,-0.920485318,-2.2724119,10,,117.2967977,0.923777548,0.96113347,0.985558423,0.014441577,0.000281572,2,3
36,36,4,3,6,174.7793664,51.67709412,2.07945424,-0.946520212,-2.324724411,10,,116.95091,0.901251339,0.949342583,0.969369249,0.030630751,0.00034678,2,3
36,41,4,3,6,172.2083624,50.43825126,2.074092835,-0.927522145,-2.313871509,10,,119.9406035,0.895698007,0.946413233,0.967420589,0.032579411,0.000348568,2,3
34,1,4,3,8,178.6988964,47.41148245,2.107044967,-1.022573362,-2.206793862,10,,120.1814085,0.822804978,0.907085982,0.905262833,0.094737167,0.000380278,2,3
34,6,4,3,8,175.6676112,48.53983223,2.093197127,-0.95802079,-2.150239918,10,,118.0732603,0.920895143,0.959632817,0.97948409,0.02051591,0.000288606,7,3
34,11,4,3,8,180.93713,49.46315767,2.106638177,-1.029741749,-2.181208308,10,,118.7697263,0.872825495,0.934251302,0.952939155,0.047060845,0.000357747,7,3
35,16,4,3,8,179.8003497,50.37026172,2.101386073,-1.004317255,-2.184742978,10,,119.9186238,0.848263282,0.921012097,0.943258465,0.056741535,0.000366569,7,3
35,21,4,3,8,178.9634476,47.29900323,2.108332045,-1.044003602,-2.233121726,10,,119.9784934,0.816658837,0.903691782,0.914353853,0.085646147,0.000345826,7,3
35,26,4,3,8,179.6354667,49.80532531,2.102286223,-0.982181265,-2.194549439,10,,116.8936995,0.955249632,0.977368729,0.990586327,0.009413673,0.000270605,12,3
36,31,4,3,8,177.8509807,49.43060085,2.097314921,-0.947391875,-2.236883912,10,,116.7196064,0.910032202,0.95395608,0.973301905,0.026698095,0.000341058,12,3
36,36,4,3,8,176.6266508,48.31154269,2.098448596,-0.995757826,-2.221259378,10,,116.4814424,0.904953048,0.951290202,0.971445721,0.028554279,0.000335932,12,3
36,41,4,3,8,176.7598069,45.80150636,2.107446953,-0.995139378,-2.206210802,10,,117.3052367,0.86799538,0.931662696,0.935216175,0.064783825,0.000329971,12,3
50,1,4,4,4,173.7770094,44.26941771,2.101630027,-1.061932041,-2.968146561,14,,119.2708999,0.847600358,0.920652137,0.921702997,0.078297003,0.000465274,2,4
50,6,4,4,4,163.059079,35.14308439,2.096350444,-1.068441806,-3.075562535,14,,118.8982462,0.703240656,0.838594453,0.789262111,0.210737889,0.00066185,2,4
50,11,4,4,4,167.1224435,37.84071999,2.10096734,-1.038472476,-2.980838828,14,,130.1929648,0.640455789,0.800284817,0.745597134,0.254402866,0.000634551,2,4
51,16,4,4,4,163.8496593,36.90805404,2.092819562,-1.017984103,-2.986372489,14,,132.6289673,0.789621391,0.888606432,0.835071203,0.164928797,0.00122118,2,4
51,21,4,4,4,165.2022341,36.50900434,2.099031105,-0.972561605,-2.903701905,14,,124.3502967,0.837780643,0.91530358,0.928156103,0.071843897,0.000376463,7,4
51,26,4,4,4,162.432371,36.83898752,2.08800449,-1.035532284,-2.959571729,14,,122.6618594,0.72835111,0.853434889,0.867464052,0.132535948,0.000406742,7,4
52,31,4,4,4,171.1145476,43.04993395,2.096749266,-0.983117788,-2.966993448,14,,132.3696417,0.824603675,0.90807691,0.934824962,0.065175038,0.000361323,7,4
52,36,4,4,4,164.0198872,37.63881683,2.090768803,-0.933316445,-2.917908979,14,,135.4044558,0.717507411,0.847058092,0.799045771,0.200954229,0.000869632,7,4
52,41,4,4,4,165.9902219,39.83339377,2.090127243,-0.965132098,-2.902914567,14,,120.3468774,0.856897447,0.925687554,0.936914275,0.063085725,0.000438094,12,4
50,1,4,4,5,179.4671382,50.25506623,2.100275355,-1.004981705,-2.56120743,14,,120.8165768,0.814190119,0.902324841,0.923866017,0.076133983,0.000382066,12,4
50,6,4,4,5,177.9574397,46.06190725,2.109726996,-0.922006856,-2.493986093,14,,130.738939,0.885393544,0.940953529,0.958394638,0.041605362,0.000398517,12,4
50,11,4,4,5,173.9854014,46.33912385,2.095230398,-0.988444746,-2.563532181,14,,127.1124901,0.780325868,0.883360554,0.82698531,0.17301469,0.001023173,12,4
51,16,4,4,5,173.3865102,45.38591011,2.096317455,-0.971603098,-2.5680468,14,,118.8834084,0.830491857,0.91131326,0.869022813,0.130977187,0.001091719,2,4
51,21,4,4,5,188.4294549,54.92248251,2.110857698,-0.984633558,-2.462641753,14,,122.5883508,0.773253603,0.879348397,0.824807519,0.175192481,0.001441598,2,4
51,26,4,4,5,172.2123218,47.14614675,2.086113691,-0.999398649,-2.6255576,14,,124.8737539,0.829636435,0.910843804,0.861018734,0.138981266,0.001492023,2,4
52,31,4,4,5,175.594257,45.02684316,2.10522113,-0.959407434,-2.567396247,14,,126.8008244,0.768248434,0.876497823,0.807814298,0.192185702,0.001801014,2,4
52,36,4,4,5,173.041193,46.10701155,2.09267204,-0.932958879,-2.508132298,14,,119.7633857,0.830996981,0.911590358,0.930309526,0.069690474,0.00039959,7,4
52,41,4,4,5,177.3238353,51.3622351,2.08814813,-0.9844183,-2.552769851,14,,118.5610379,0.867387536,0.931336425,0.931162013,0.068837987,0.000490785,7,4
50,1,4,4,6,174.9842956,46.38683793,2.098398365,-0.861244498,-2.427452382,14,,126.5305883,0.866504966,0.930862485,0.936633197,0.063366803,0.000546098,7,4
50,6,4,4,6,175.5647192,49.38561306,2.089783713,-0.859487385,-2.426387014,14,,127.1155255,0.764773287,0.874513171,0.827632513,0.172367487,0.000921726,7,4
50,11,4,4,6,174.6583445,48.2574845,2.090419388,-0.899750492,-2.444316206,14,,119.0079731,0.852176133,0.923133865,0.943900602,0.056099398,0.000368357,12,4
51,16,4,4,6,171.8785348,45.78528805,2.089550323,-0.860167773,-2.473148273,14,,121.1287737,0.71424735,0.845131558,0.856707781,0.143292219,0.000457525,12,4
51,21,4,4,6,170.2445146,43.98312684,2.089919099,-0.864247266,-2.417861836,14,,129.010585,0.89805593,0.947658129,0.958111607,0.041888393,0.000467777,12,4
51,26,4,4,6,172.8023039,46.64081339,2.089728468,-0.869447582,-2.49547409,14,,138.7846092,0.706615118,0.84060402,0.805956565,0.194043435,0.000787377,12,4
52,31,4,4,6,168.0988255,42.35192818,2.08843817,-0.883681095,-2.418648463,14,,119.2338396,0.781622922,0.884094408,0.834345462,0.165654538,0.001069307,2,4
52,36,4,4,6,172.8178647,45.94556551,2.092152581,-0.853028475,-2.362266474,14,,119.2509314,0.704108058,0.839111469,0.759518615,0.240481385,0.001320004,2,4
52,41,4,4,6,174.0334611,47.96976249,2.089280819,-0.877870452,-2.452647738,14,,131.0749879,0.763367841,0.873709243,0.814476401,0.185523599,0.001258492,2,4
50,1,4,4,8,176.6264617,48.71198361,2.095978187,-0.887196023,-2.520277599,14,,128.9002269,0.767259458,0.875933478,0.804326819,0.195673181,0.002197862,2,4
50,6,4,4,8,176.35474,49.6961765,2.091372121,-0.87486401,-2.488323412,14,,126.584957,0.826769295,0.909268549,0.889344056,0.110655944,0.000762463,7,4
50,11,4,4,8,175.3482583,48.58358753,2.092090072,-0.850396617,-2.498139334,14,,118.3428152,0.76589479,0.875154152,0.844492491,0.155507509,0.000781894,7,4
51,16,4,4,8,173.9501151,47.55320995,2.090600019,-0.869910586,-2.495247311,14,,124.7703475,0.878230194,0.937139367,0.917272877,0.082727123,0.00085938,7,4
51,21,4,4,8,176.3494787,50.78264699,2.087334525,-0.846552659,-2.402905125,14,,130.6609879,0.744879157,0.86306382,0.796873422,0.203126578,0.001688719,7,4
51,26,4,4,8,175.0828852,49.1254881,2.088706183,-0.863796129,-2.473225225,14,,117.848649,0.809172053,0.899539912,0.848604662,0.151395338,0.001373172,12,4
52,31,4,4,8,172.1017491,46.13077853,2.089108785,-0.853639688,-2.42040319,14,,118.029251,0.656741526,0.810395907,0.740134156,0.259865844,0.001409888,12,4
52,36,4,4,8,177.1659196,47.94116254,2.100145595,-0.872020487,-2.485511618,14,,125.4298408,0.787977592,0.887681019,0.840253682,0.159746318,0.00147891,12,4
52,41,4,4,8,174.9626527,48.52094815,2.090670885,-0.88851227,-2.447858975,14,,125.8535287,0.763121602,0.873568316,0.80220371,0.19779629,0.002120614,12,4
